organization_name,organization_user_name,organization_github_url,organization_website,organization_location,organization_avatar,organization_public_repos,organization_created,organization_last_update
pvlib,pvlib,https://github.com/pvlib,,,https://avatars.githubusercontent.com/u/11037261?v=4,4,"2015/02/17, 00:04:09","2021/11/22, 10:16:29"
SunPower,SunPower,https://github.com/SunPower,,,https://avatars.githubusercontent.com/u/1341977?v=4,18,"2012/01/18, 01:25:32","2021/10/29, 19:53:01"
Renewables.ninja,renewables-ninja,https://github.com/renewables-ninja,https://www.renewables.ninja/,,https://avatars.githubusercontent.com/u/11838260?v=4,4,"2015/04/07, 15:34:45","2021/11/17, 11:58:50"
National Renewable Energy Laboratory,NREL,https://github.com/NREL,http://www.nrel.gov,"Golden, CO",https://avatars.githubusercontent.com/u/1906800?v=4,418,"2012/06/29, 17:27:07","2021/11/26, 22:19:17"
ZAE Bayern,zae-bayern,https://github.com/zae-bayern,https://www.zae-bayern.de,,https://avatars.githubusercontent.com/u/37119743?v=4,1,"2018/03/06, 18:23:04","2021/11/14, 07:10:32"
oemof community,oemof,https://github.com/oemof,https://oemof.org,Germany,https://avatars.githubusercontent.com/u/8503379?v=4,14,"2014/08/20, 13:57:29","2021/11/25, 08:29:10"
,pvcaptest,https://github.com/pvcaptest,,,https://avatars.githubusercontent.com/u/53880406?v=4,1,"2019/08/07, 21:24:28","2021/07/26, 13:43:32"
SLAC GISMo,slacgismo,https://github.com/slacgismo,https://gismo.slac.stanford.edu/,"SLAC National Accelerator Laboratory, Menlo Park, CA 94025",https://avatars.githubusercontent.com/u/19895500?v=4,60,"2016/06/12, 22:18:42","2021/11/13, 08:44:32"
TDcoSim Team,tdcosim,https://github.com/tdcosim,,Chicago,https://avatars.githubusercontent.com/u/52003368?v=4,2,"2019/06/19, 14:31:04","2021/10/16, 03:43:40"
MIT PVLab,PV-Lab,https://github.com/PV-Lab,pv.mit.edu,,https://avatars.githubusercontent.com/u/13911947?v=4,28,"2015/08/22, 01:48:35","2021/11/21, 15:35:01"
Quantum Photovoltaics Research Group,qpv-research-group,https://github.com/qpv-research-group,https://www.qpvgroup.org,"UNSW (Sydney, Australia) and Imperial College London (UK) until 2017",https://avatars.githubusercontent.com/u/48552948?v=4,4,"2019/03/14, 10:48:28","2021/11/26, 09:18:32"
,SolarTherm,https://github.com/SolarTherm,,,https://avatars.githubusercontent.com/u/15701216?v=4,1,"2015/11/07, 08:14:28","2021/10/22, 12:59:09"
Libre Solar Project,LibreSolar,https://github.com/LibreSolar,https://libre.solar,"Hamburg, Germany",https://avatars.githubusercontent.com/u/17674115?v=4,41,"2016/03/05, 14:11:47","2021/11/25, 14:45:33"
Open Climate Fix,openclimatefix,https://github.com/openclimatefix,openclimatefix.org,London,https://avatars.githubusercontent.com/u/48357542?v=4,29,"2019/03/08, 14:17:25","2021/11/26, 06:20:01"
The Alan Turing Institute,alan-turing-institute,https://github.com/alan-turing-institute,https://turing.ac.uk,,https://avatars.githubusercontent.com/u/18304793?v=4,285,"2016/04/06, 09:38:19","2021/11/26, 21:37:04"
,PerovskiteSCModelling,https://github.com/PerovskiteSCModelling,,,https://avatars.githubusercontent.com/u/45872822?v=4,1,"2018/12/14, 10:14:49","2021/11/25, 18:01:56"
,DuraMAT,https://github.com/DuraMAT,,,https://avatars.githubusercontent.com/u/55461754?v=4,4,"2019/09/17, 19:31:27","2021/09/10, 04:22:28"
RENTADRONE,RentadroneCL,https://github.com/RentadroneCL,https://rentadrone.cl/developers,"Santiago, Chile",https://avatars.githubusercontent.com/u/32961692?v=4,10,"2017/10/20, 14:47:56","2021/02/09, 22:16:37"
rOpenSci,ropensci,https://github.com/ropensci,https://ropensci.org/,"Berkeley, CA",https://avatars.githubusercontent.com/u/1200269?v=4,369,"2011/11/16, 19:26:47","2021/11/26, 22:23:09"
GRECO project,greco-project,https://github.com/greco-project,https://www.greco-project.eu/,,https://avatars.githubusercontent.com/u/50671643?v=4,7,"2019/05/15, 15:39:28","2021/07/28, 07:50:42"
Materials Design Group,WMD-group,https://github.com/WMD-group,https://wmd-group.github.io,London,https://avatars.githubusercontent.com/u/1716969?v=4,47,"2012/05/08, 13:09:23","2021/11/14, 09:52:37"
Ladybug Tools,ladybug-tools,https://github.com/ladybug-tools,ladybug.tools,Worldwide,https://avatars.githubusercontent.com/u/14942270?v=4,94,"2015/10/02, 14:44:55","2021/11/25, 16:16:47"
Open Solar Project,opensolarproject,https://github.com/opensolarproject,,,https://avatars.githubusercontent.com/u/53953954?v=4,2,"2019/08/09, 20:31:23","2021/11/14, 16:10:32"
National Renewable Energy Centre - CENER,iat-cener,https://github.com/iat-cener,https://www.cener.com,"Sarriguren, Spain",https://avatars.githubusercontent.com/u/12331888?v=4,5,"2015/05/08, 10:40:12","2021/02/27, 13:50:15"
Breaking Bytes,BreakingBytes,https://github.com/BreakingBytes,http://breaking-bytes.mikofski.io/,"Oakland, CA",https://avatars.githubusercontent.com/u/1437576?v=4,8,"2012/02/14, 18:47:57","2021/05/24, 17:54:29"
Solar Forecast Arbiter,SolarArbiter,https://github.com/SolarArbiter,https://solarforecastarbiter.org/,,https://avatars.githubusercontent.com/u/43686373?v=4,7,"2018/09/28, 20:51:29","2021/11/09, 22:11:47"
,IEAWindTask37,https://github.com/IEAWindTask37,,,https://avatars.githubusercontent.com/u/36546446?v=4,9,"2018/02/16, 17:54:51","2021/11/23, 15:21:50"
Google,google,https://github.com/google,https://opensource.google/,,https://avatars.githubusercontent.com/u/1342004?v=4,2140,"2012/01/18, 01:30:18","2021/11/26, 22:26:21"
,wind-python,https://github.com/wind-python,,,https://avatars.githubusercontent.com/u/21263042?v=4,2,"2016/08/26, 13:49:34","2021/11/26, 15:56:40"
turbinesFoam,turbinesFoam,https://github.com/turbinesFoam,,,https://avatars.githubusercontent.com/u/10404114?v=4,1,"2015/01/05, 16:15:55","2021/11/23, 08:57:22"
exawind,Exawind,https://github.com/Exawind,,,https://avatars.githubusercontent.com/u/22328575?v=4,18,"2016/09/20, 18:07:24","2021/11/23, 20:02:46"
OpenFAST,OpenFAST,https://github.com/OpenFAST,https://openfast.readthedocs.io,,https://avatars.githubusercontent.com/u/15838605?v=4,6,"2015/11/13, 20:08:25","2021/11/25, 02:32:16"
FZJ-IEK3,FZJ-IEK3-VSA,https://github.com/FZJ-IEK3-VSA,https://www.fz-juelich.de/iek/iek-3/EN/Home/home_node.html,Forschungszentrum Jülich,https://avatars.githubusercontent.com/u/28654423?v=4,15,"2017/05/12, 14:59:08","2021/11/26, 10:38:39"
WISDEM,WISDEM,https://github.com/WISDEM,https://nwtc.nrel.gov/WISDEM,"NREL National Wind Technology Center, Boulder, CO",https://avatars.githubusercontent.com/u/5444272?v=4,38,"2013/09/12, 13:13:39","2021/11/22, 22:39:54"
OpenMDAO,OpenMDAO,https://github.com/OpenMDAO,http://www.openmdao.org,,https://avatars.githubusercontent.com/u/861615?v=4,35,"2011/06/20, 12:20:08","2021/11/26, 12:29:57"
The Signal Intelligence Project,sintel-dev,https://github.com/sintel-dev,https://dai.lids.mit.edu/,,https://avatars.githubusercontent.com/u/13336772?v=4,9,"2015/07/14, 17:19:12","2021/11/26, 15:50:43"
,python-windrose,https://github.com/python-windrose,,,https://avatars.githubusercontent.com/u/28726174?v=4,1,"2017/05/16, 08:09:46","2021/11/24, 15:35:11"
Imperial College London,ImperialCollegeLondon,https://github.com/ImperialCollegeLondon,,Imperial College London,https://avatars.githubusercontent.com/u/1220306?v=4,332,"2011/11/25, 14:16:50","2021/11/26, 22:41:24"
brightwind,brightwind-dev,https://github.com/brightwind-dev,,,https://avatars.githubusercontent.com/u/45794645?v=4,2,"2018/12/11, 15:17:23","2021/11/08, 11:46:30"
Sandia National Laboratories Water Power Technologies,SNL-WaterPower,https://github.com/SNL-WaterPower,http://energy.sandia.gov/energy/renewable-energy/water-power/,"Albuquerque, NM",https://avatars.githubusercontent.com/u/5272629?v=4,13,"2013/08/20, 19:17:13","2021/11/21, 16:00:30"
Energy Modelling Toolkit ,energy-modelling-toolkit,https://github.com/energy-modelling-toolkit,,,https://avatars.githubusercontent.com/u/32776077?v=4,7,"2017/10/13, 16:18:58","2021/11/22, 12:54:32"
MHKiT,MHKiT-Software,https://github.com/MHKiT-Software,https://mhkit-software.github.io/MHKiT/,,https://avatars.githubusercontent.com/u/58954145?v=4,3,"2019/12/16, 19:06:48","2021/11/25, 20:43:49"
,hydro-python,https://github.com/hydro-python,,,https://avatars.githubusercontent.com/u/27208044?v=4,1,"2017/04/10, 11:14:27","2021/08/21, 07:58:06"
NREL-SIIP,NREL-SIIP,https://github.com/NREL-SIIP,https://www.nrel.gov/analysis/siip.html,"Golden, CO",https://avatars.githubusercontent.com/u/44615001?v=4,17,"2018/10/30, 15:55:32","2021/11/20, 20:33:56"
OpenSimHub,OpenSimHub,https://github.com/OpenSimHub,https://opensimhub.org,Norway,https://avatars.githubusercontent.com/u/90337436?v=4,2,"2021/09/08, 15:29:38","2021/11/25, 12:02:50"
,WEC-Sim,https://github.com/WEC-Sim,http://wec-sim.github.io/WEC-Sim/,,https://avatars.githubusercontent.com/u/7662103?v=4,8,"2014/05/21, 21:19:59","2021/11/17, 11:21:57"
BEMRosetta,BEMRosetta,https://github.com/BEMRosetta,,,https://avatars.githubusercontent.com/u/79283040?v=4,3,"2021/02/18, 20:22:35","2021/11/19, 23:22:15"
Los Alamos National Laboratory,lanl,https://github.com/lanl,https://www.lanl.gov/,"Los Alamos, New Mexico, USA",https://avatars.githubusercontent.com/u/585305?v=4,273,"2011/01/26, 20:40:10","2021/11/25, 20:27:31"
Waiwera,waiwera,https://github.com/waiwera,https://waiwera.github.io/,,https://avatars.githubusercontent.com/u/49133194?v=4,4,"2019/04/01, 00:18:48","2021/11/11, 19:14:11"
SmartTensors,SmartTensors,https://github.com/SmartTensors,http://SmartTensors.com,United States of America,https://avatars.githubusercontent.com/u/75088073?v=4,12,"2020/11/26, 16:24:48","2021/11/20, 03:51:57"
BioSTEAM Development Group,BioSTEAMDevelopmentGroup,https://github.com/BioSTEAMDevelopmentGroup,https://biosteam.readthedocs.io/en/latest/index.html,,https://avatars.githubusercontent.com/u/61621970?v=4,3,"2020/02/29, 12:12:31","2021/11/26, 05:24:15"
Alex Liberzon Lab,alexliberzonlab,https://github.com/alexliberzonlab,https://turbulencelab.sites.tau.ac.il,"Tel Aviv University, Tel Aviv, Israel",https://avatars.githubusercontent.com/u/2659993?v=4,87,"2012/10/26, 21:05:02","2021/09/05, 05:37:09"
ECS Hack Week ,ECSHackWeek,https://github.com/ECSHackWeek,,,https://avatars.githubusercontent.com/u/32744210?v=4,9,"2017/10/12, 16:10:20","2021/11/19, 08:18:39"
PyBaMM Team,pybamm-team,https://github.com/pybamm-team,https://www.pybamm.org/,,https://avatars.githubusercontent.com/u/48961907?v=4,10,"2019/03/26, 17:35:06","2021/11/26, 19:27:36"
Toyota Research Institute - Accelerated Materials Design & Discovery (AMDD),TRI-AMDD,https://github.com/TRI-AMDD,,,https://avatars.githubusercontent.com/u/62159728?v=4,12,"2020/03/13, 22:13:16","2021/11/19, 22:08:50"
QuESt,snl-quest,https://github.com/snl-quest,https://www.sandia.gov/ess-ssl/tools/quest/,,https://avatars.githubusercontent.com/u/50459090?v=4,1,"2019/05/09, 16:44:53","2021/11/26, 10:48:35"
,batterysim,https://github.com/batterysim,,,https://avatars.githubusercontent.com/u/26285431?v=4,6,"2017/03/08, 19:41:53","2021/09/28, 02:28:12"
,dsr-18,https://github.com/dsr-18,,,https://avatars.githubusercontent.com/u/50706126?v=4,2,"2019/05/16, 13:13:13","2021/10/26, 12:52:51"
EPRI (private),epri-dev,https://github.com/epri-dev,http://www.epri.com,"Palo Alto, CA",https://avatars.githubusercontent.com/u/10049875?v=4,38,"2014/12/02, 16:40:58","2021/11/16, 21:45:55"
ECSIM,ECSIM,https://github.com/ECSIM,https://www.ecsim.ir/,"Tehran, Iran",https://avatars.githubusercontent.com/u/34425602?v=4,5,"2017/12/10, 21:17:19","2021/10/26, 10:12:50"
,e2nIEE,https://github.com/e2nIEE,,"Kassel, Germany",https://avatars.githubusercontent.com/u/40853245?v=4,8,"2018/07/05, 08:23:53","2021/11/26, 10:43:07"
Sandia National Laboratories,sandialabs,https://github.com/sandialabs,https://software.sandia.gov,United States,https://avatars.githubusercontent.com/u/4993680?v=4,133,"2013/07/12, 01:06:29","2021/11/26, 16:18:17"
advanced network science initiative,lanl-ansi,https://github.com/lanl-ansi,https://lanl-ansi.github.io/,"Los Alamos, NM",https://avatars.githubusercontent.com/u/17053288?v=4,68,"2016/02/03, 20:22:23","2021/11/24, 20:20:29"
HPXML Working Group,hpxmlwg,https://github.com/hpxmlwg,http://hpxmlonline.com,,https://avatars.githubusercontent.com/u/9216350?v=4,1,"2014/10/14, 14:51:59","2021/07/20, 16:14:49"
Building and Urban Data Science (BUDS) Group,buds-lab,https://github.com/buds-lab,www.budslab.org,Singapore,https://avatars.githubusercontent.com/u/26264086?v=4,49,"2017/03/08, 01:18:36","2021/11/24, 06:00:21"
,VOLTTRON,https://github.com/VOLTTRON,http://volttron.org,,https://avatars.githubusercontent.com/u/5875448?v=4,49,"2013/11/07, 02:07:05","2021/11/21, 04:44:46"
HIT2GAP,HIT2GAP-EU-PROJECT,https://github.com/HIT2GAP-EU-PROJECT,http://www.hit2gap.eu/,,https://avatars.githubusercontent.com/u/27004362?v=4,3,"2017/04/07, 09:29:26","2021/08/31, 09:56:33"
Standard Energy Efficiency Data Platform™,SEED-platform,https://github.com/SEED-platform,http://energy.gov/eere/buildings/standard-energy-efficiency-data-platform,,https://avatars.githubusercontent.com/u/7445100?v=4,12,"2014/04/30, 01:22:10","2021/11/19, 21:16:44"
"Ecotope, Inc.",EcotopeResearch,https://github.com/EcotopeResearch,www.ecotope.com,"Seattle, WA",https://avatars.githubusercontent.com/u/10763891?v=4,14,"2015/01/29, 21:09:13","2021/10/27, 21:31:18"
RWTH Aachen University - E.ON Energy Research Center - Institute for Energy Efficient Buildings and Indoor Climate,RWTH-EBC,https://github.com/RWTH-EBC,http://www.ebc.eonerc.rwth-aachen.de/,"RWTH Aachen University, Aachen, Germany",https://avatars.githubusercontent.com/u/8121773?v=4,37,"2014/07/10, 07:05:06","2021/11/26, 04:09:05"
Architecture and Building Systems,architecture-building-systems,https://github.com/architecture-building-systems,http://systems.arch.ethz.ch,,https://avatars.githubusercontent.com/u/8478952?v=4,40,"2014/08/18, 11:27:30","2021/11/24, 08:24:47"
,lbl-srg,https://github.com/lbl-srg,,,https://avatars.githubusercontent.com/u/3753398?v=4,13,"2013/03/03, 05:09:58","2021/11/26, 22:42:47"
OpenIDEAS,open-ideas,https://github.com/open-ideas,,,https://avatars.githubusercontent.com/u/5467967?v=4,5,"2013/09/16, 08:15:06","2021/11/08, 11:47:01"
,HotMaps,https://github.com/HotMaps,https://www.hotmaps-project.eu/,,https://avatars.githubusercontent.com/u/25738377?v=4,44,"2017/02/13, 08:38:39","2021/11/17, 06:19:04"
,EDF-TREE,https://github.com/EDF-TREE,,,https://avatars.githubusercontent.com/u/16956822?v=4,2,"2016/01/29, 12:37:54","2021/11/08, 11:47:01"
CSTB,cstb,https://github.com/cstb,http://www.cstb.fr,"290 route des lucioles, 06904 Sophia Antipolis, FRANCE",https://avatars.githubusercontent.com/u/1405833?v=4,8,"2012/02/03, 15:50:03","2021/04/21, 14:10:17"
UdK-VPT,UdK-VPT,https://github.com/UdK-VPT,http://www.arch.udk-berlin.de/vpt,Berlin,https://avatars.githubusercontent.com/u/10708399?v=4,14,"2015/01/26, 12:42:15","2021/11/15, 07:19:08"
IBPSA,ibpsa,https://github.com/ibpsa,http://www.ibpsa.org,Worldwide,https://avatars.githubusercontent.com/u/16223588?v=4,10,"2015/12/09, 11:31:41","2021/11/26, 20:08:57"
,TEB-model,https://github.com/TEB-model,,,https://avatars.githubusercontent.com/u/44439852?v=4,2,"2018/10/24, 14:33:32","2021/09/30, 08:25:38"
,CenterForTheBuiltEnvironment,https://github.com/CenterForTheBuiltEnvironment,http://cbe.berkeley.edu,"Berkeley, CA",https://avatars.githubusercontent.com/u/6592546?v=4,22,"2014/02/05, 07:39:33","2021/11/16, 01:48:34"
DSMR-reader,dsmrreader,https://github.com/dsmrreader,https://dsmr-reader.readthedocs.io,Netherlands,https://avatars.githubusercontent.com/u/57727360?v=4,1,"2019/11/13, 19:08:44","2021/11/23, 16:21:48"
LBNL Energy Technologies Area,LBNL-ETA,https://github.com/LBNL-ETA,http://eta.lbl.gov,"Berkeley, CA",https://avatars.githubusercontent.com/u/14825882?v=4,54,"2015/09/24, 17:57:57","2021/11/22, 10:39:31"
Brick Schema,BrickSchema,https://github.com/BrickSchema,https://brickschema.org/,,https://avatars.githubusercontent.com/u/41708328?v=4,13,"2018/07/25, 22:44:33","2021/11/25, 07:31:17"
,LBNL-JCI-ICF,https://github.com/LBNL-JCI-ICF,,,https://avatars.githubusercontent.com/u/43547106?v=4,1,"2018/09/24, 15:52:22","2021/11/22, 18:02:24"
,nilmtk,https://github.com/nilmtk,,,https://avatars.githubusercontent.com/u/6094836?v=4,7,"2013/12/03, 11:35:23","2021/11/15, 06:21:11"
volkszaehler.org project,volkszaehler,https://github.com/volkszaehler,https://volkszaehler.org,Germany,https://avatars.githubusercontent.com/u/340617?v=4,7,"2010/07/22, 09:32:52","2021/11/20, 13:46:19"
RE-Lab-Projects,RE-Lab-Projects,https://github.com/RE-Lab-Projects,,,https://avatars.githubusercontent.com/u/81230534?v=4,5,"2021/03/23, 10:22:20","2021/11/10, 12:37:52"
ECMWF projects,ecmwf-projects,https://github.com/ecmwf-projects,www.ecmwf.int,,https://avatars.githubusercontent.com/u/75486320?v=4,5,"2020/12/04, 13:45:55","2021/11/26, 19:40:15"
"STU-IET, JRC-EC",JRCSTU,https://github.com/JRCSTU,https://ec.europa.eu/jrc/en/about/institutes-and-directorates/jrc-iet,"Ispra (VA), Italy",https://avatars.githubusercontent.com/u/13638890?v=4,10,"2015/08/04, 08:21:18","2021/11/08, 12:20:07"
NewMotion,NewMotion,https://github.com/NewMotion,https://newmotion.com,"Amsterdam, Netherlands",https://avatars.githubusercontent.com/u/799802?v=4,50,"2011/05/20, 06:41:08","2021/11/04, 19:56:41"
The Mobility House,mobilityhouse,https://github.com/mobilityhouse,https://mobilityhouse.com/,"Munich, Germany",https://avatars.githubusercontent.com/u/5763064?v=4,40,"2013/10/24, 06:56:02","2021/11/25, 10:56:28"
MaaS Global Ltd,maasglobal,https://github.com/maasglobal,https://maas.global,Finland,https://avatars.githubusercontent.com/u/17618385?v=4,37,"2016/03/03, 14:46:49","2021/11/26, 14:39:46"
CoopCycle,coopcycle,https://github.com/coopcycle,https://coopcycle.org,"Paris, France",https://avatars.githubusercontent.com/u/24247863?v=4,14,"2016/11/29, 12:07:16","2021/11/26, 13:40:49"
,EVNotify,https://github.com/EVNotify,,,https://avatars.githubusercontent.com/u/45699245?v=4,25,"2018/12/07, 20:28:40","2021/11/11, 19:29:02"
diowa,diowa,https://github.com/diowa,diowa.com,Italy,https://avatars.githubusercontent.com/u/2099801?v=4,33,"2012/08/05, 21:07:29","2021/11/25, 08:23:18"
STS Rosario,STS-Rosario,https://github.com/STS-Rosario,http://www.stsrosario.org.ar/index.html,Rosario,https://avatars.githubusercontent.com/u/24493883?v=4,2,"2016/12/10, 14:07:42","2021/11/03, 21:52:32"
OpenEVSE,OpenEVSE,https://github.com/OpenEVSE,http://www.openevse.com,,https://avatars.githubusercontent.com/u/14914533?v=4,16,"2015/09/30, 20:32:19","2021/11/24, 21:18:53"
KISIO Digital,CanalTP,https://github.com/CanalTP,https://kisio.com/metiers/solutions-digitales/,Paris,https://avatars.githubusercontent.com/u/2743985?v=4,169,"2012/11/07, 15:32:34","2021/11/26, 13:32:27"
Open Mobility Foundation,openmobilityfoundation,https://github.com/openmobilityfoundation,http://www.openmobilityfoundation.org/,,https://avatars.githubusercontent.com/u/52187191?v=4,9,"2019/06/25, 03:08:20","2021/11/23, 18:54:57"
MDO Lab,mdolab,https://github.com/mdolab,mdolab.engin.umich.edu,,https://avatars.githubusercontent.com/u/26934866?v=4,23,"2017/04/05, 17:41:35","2021/11/25, 14:48:49"
Open Charge Map,openchargemap,https://github.com/openchargemap,http://openchargemap.org,,https://avatars.githubusercontent.com/u/2486335?v=4,6,"2012/10/04, 12:42:05","2021/11/16, 12:07:51"
,evcc-io,https://github.com/evcc-io,https://evcc.io,Germany,https://avatars.githubusercontent.com/u/81383504?v=4,7,"2021/03/25, 18:12:52","2021/11/26, 22:14:40"
"RWTH Aachen University, Informatik 5, IDSG",RWTH-i5-IDSG,https://github.com/RWTH-i5-IDSG,https://rwth-i5-idsg.github.io,"Aachen, Germany",https://avatars.githubusercontent.com/u/3355315?v=4,19,"2013/01/23, 14:41:58","2021/11/26, 06:55:55"
Switch,SwitchEV,https://github.com/SwitchEV,https://www.switch-ev.com,"London, UK",https://avatars.githubusercontent.com/u/30324321?v=4,8,"2017/07/20, 17:19:27","2021/11/18, 15:38:36"
VoCol - Vocabulary collaboration and build environment,vocol,https://github.com/vocol,https://github.com/vocol/vocol,,https://avatars.githubusercontent.com/u/8235117?v=4,15,"2014/07/22, 12:44:17","2021/11/05, 09:21:10"
OneBusAway,OneBusAway,https://github.com/OneBusAway,https://github.com/OneBusAway/onebusaway/wiki,,https://avatars.githubusercontent.com/u/1428806?v=4,52,"2012/02/11, 11:58:06","2021/11/25, 17:13:23"
BlinkTag,BlinkTagInc,https://github.com/BlinkTagInc,https://blinktag.com,"San Francisco, CA",https://avatars.githubusercontent.com/u/12618433?v=4,32,"2015/05/26, 23:48:06","2021/11/26, 20:40:42"
SYSTRA,systragroup,https://github.com/systragroup,https://www.systra.com,,https://avatars.githubusercontent.com/u/45179084?v=4,6,"2018/11/19, 17:54:19","2021/11/23, 02:54:34"
"Ifsttar - French Institute of Science and Technology for Transport, Development and Networks",Ifsttar,https://github.com/Ifsttar,http://www.ifsttar.fr,France,https://avatars.githubusercontent.com/u/7008647?v=4,14,"2014/03/20, 08:27:00","2021/11/15, 16:28:44"
CyclOSM,cyclosm,https://github.com/cyclosm,,,https://avatars.githubusercontent.com/u/47216240?v=4,3,"2019/01/31, 13:44:52","2021/11/25, 14:02:22"
Paderborn University - LEA,upb-lea,https://github.com/upb-lea,https://ei.uni-paderborn.de/en/lea/,"Paderborn, Germany",https://avatars.githubusercontent.com/u/55782224?v=4,12,"2019/09/25, 07:15:50","2021/11/26, 13:55:58"
LBNL/UCB - Sustainable Transportation Initiative,LBNL-UCB-STI,https://github.com/LBNL-UCB-STI,,"Berkeley, CA",https://avatars.githubusercontent.com/u/26527414?v=4,29,"2017/03/19, 18:53:25","2021/11/26, 19:04:03"
Open Charging Cloud,OpenChargingCloud,https://github.com/OpenChargingCloud,https://open.charging.cloud,"Jena, Germany",https://avatars.githubusercontent.com/u/17928234?v=4,46,"2016/03/18, 13:04:49","2021/11/16, 06:02:45"
RAMP,RAMP-project,https://github.com/RAMP-project,,,https://avatars.githubusercontent.com/u/65850039?v=4,2,"2020/05/24, 09:33:25","2021/11/25, 13:29:47"
Institute for Transport Studies,ITSLeeds,https://github.com/ITSLeeds,https://environment.leeds.ac.uk/transport,"Leeds, UK",https://avatars.githubusercontent.com/u/22447619?v=4,46,"2016/09/26, 11:59:01","2021/11/25, 15:25:38"
GOAT-Community,goat-community,https://github.com/goat-community,https://plan4better.de,,https://avatars.githubusercontent.com/u/58163984?v=4,14,"2019/11/25, 07:44:07","2021/11/25, 11:02:03"
Active Transport Futures,ATFutures,https://github.com/ATFutures,https://atfutures.github.io/,Worldwide,https://avatars.githubusercontent.com/u/32261335?v=4,25,"2017/09/25, 09:06:31","2021/11/26, 13:55:07"
,cityflow-project,https://github.com/cityflow-project,,,https://avatars.githubusercontent.com/u/48002753?v=4,6,"2019/02/26, 04:11:18","2021/11/26, 00:41:40"
North American Bike Share Association,NABSA,https://github.com/NABSA,http://www.nabsa.net,,https://avatars.githubusercontent.com/u/15235893?v=4,2,"2015/10/21, 17:33:17","2021/11/23, 12:22:20"
Bike Index,bikeindex,https://github.com/bikeindex,https://bikeindex.org,,https://avatars.githubusercontent.com/u/4251544?v=4,15,"2013/04/25, 03:27:35","2021/11/16, 17:02:36"
Voltbras,voltbras,https://github.com/voltbras,https://voltbras.com.br/,Florianópolis,https://avatars.githubusercontent.com/u/64649105?v=4,3,"2020/05/01, 14:37:13","2021/11/08, 11:17:55"
SAP,SAP,https://github.com/SAP,https://opensource.sap.com,"Walldorf, Germany",https://avatars.githubusercontent.com/u/2531208?v=4,222,"2012/10/10, 19:44:06","2021/11/26, 23:17:02"
Chargeprice,chargeprice,https://github.com/chargeprice,https://www.chargeprice.app,,https://avatars.githubusercontent.com/u/66462851?v=4,3,"2020/06/05, 07:22:01","2021/11/19, 07:07:54"
,SmartEVSE,https://github.com/SmartEVSE,,,https://avatars.githubusercontent.com/u/6329604?v=4,5,"2014/01/06, 12:01:57","2021/11/26, 22:03:26"
enviroCar,enviroCar,https://github.com/enviroCar,https://envirocar.org/,Münster,https://avatars.githubusercontent.com/u/4232323?v=4,34,"2013/04/23, 07:20:29","2021/11/24, 14:53:43"
,energy-market-methods,https://github.com/energy-market-methods,,,https://avatars.githubusercontent.com/u/48700066?v=4,2,"2019/03/19, 00:29:56","2021/11/02, 21:52:58"
OpenModelica,OpenModelica,https://github.com/OpenModelica,https://openmodelica.org,"Linköping, Sweden",https://avatars.githubusercontent.com/u/4006504?v=4,52,"2013/03/29, 15:25:13","2021/11/26, 19:09:12"
Green Software Lab,greensoftwarelab,https://github.com/greensoftwarelab,http://greenlab.di.uminho.pt/,,https://avatars.githubusercontent.com/u/11410556?v=4,8,"2015/03/10, 16:09:38","2021/09/29, 16:51:16"
,responsibleproblemsolving,https://github.com/responsibleproblemsolving,,,https://avatars.githubusercontent.com/u/52930580?v=4,3,"2019/07/15, 17:07:48","2021/10/28, 03:27:43"
The Green Web Foundation,thegreenwebfoundation,https://github.com/thegreenwebfoundation,https://www.thegreenwebfoundation.org,The Internet,https://avatars.githubusercontent.com/u/8995024?v=4,54,"2014/10/02, 09:52:43","2021/11/26, 13:12:32"
Hubblo,hubblo-org,https://github.com/hubblo-org,https://hubblo.org,France,https://avatars.githubusercontent.com/u/71067866?v=4,6,"2020/09/10, 08:33:17","2021/11/25, 16:42:35"
SoSy-Lab,sosy-lab,https://github.com/sosy-lab,https://www.sosy-lab.org,"LMU Munich, Germany",https://avatars.githubusercontent.com/u/16129993?v=4,19,"2015/12/03, 06:44:45","2021/11/24, 11:00:18"
PowerAPI,powerapi-ng,https://github.com/powerapi-ng,http://powerapi.org,"Lille, France",https://avatars.githubusercontent.com/u/47974262?v=4,19,"2019/02/25, 10:34:45","2021/11/22, 06:23:59"
marmelab,marmelab,https://github.com/marmelab,http://marmelab.com,"Nancy, France",https://avatars.githubusercontent.com/u/3116319?v=4,244,"2012/12/24, 14:24:21","2021/11/26, 19:00:25"
Patch,patch-technology,https://github.com/patch-technology,https://patch.io,San Francisco,https://avatars.githubusercontent.com/u/63677591?v=4,4,"2020/04/14, 21:03:57","2021/11/23, 12:52:54"
Organic Basics ApS,Organic-Basics,https://github.com/Organic-Basics,https://www.organicbasics.com,"Copenhagen, Denmark",https://avatars.githubusercontent.com/u/54848514?v=4,4,"2019/09/03, 12:53:04","2021/11/26, 18:08:14"
Cloud Carbon Footprint,cloud-carbon-footprint,https://github.com/cloud-carbon-footprint,https://cloudcarbonfootprint.org,,https://avatars.githubusercontent.com/u/79275027?v=4,2,"2021/02/18, 17:11:10","2021/11/26, 14:22:57"
Google Cloud Platform,GoogleCloudPlatform,https://github.com/GoogleCloudPlatform,https://cloud.google.com,,https://avatars.githubusercontent.com/u/2810941?v=4,946,"2012/11/16, 04:52:17","2021/11/26, 22:11:45"
DOS Group at TU Berlin,dos-group,https://github.com/dos-group,http://www.dos.tu-berlin.de/,Technische Universität Berlin,https://avatars.githubusercontent.com/u/5664005?v=4,56,"2013/10/11, 12:07:24","2021/11/26, 09:33:47"
Joint Global Change Research Institute,JGCRI,https://github.com/JGCRI,http://globalchange.umd.edu,"College Park, MD, USA",https://avatars.githubusercontent.com/u/8431983?v=4,103,"2014/08/12, 21:17:27","2021/11/24, 21:53:53"
,IIT-EnergySystemModels,https://github.com/IIT-EnergySystemModels,https://www.iit.comillas.edu/research-area/sadse,Comillas Pontifical University,https://avatars.githubusercontent.com/u/68757227?v=4,1,"2020/07/24, 21:08:13","2021/11/25, 20:52:24"
,PowerGenome,https://github.com/PowerGenome,,,https://avatars.githubusercontent.com/u/76453163?v=4,1,"2020/12/21, 20:43:00","2021/11/20, 17:14:48"
Chair of Renewable and Sustainable Energy Systems,tum-ens,https://github.com/tum-ens,http://www.ens.ei.tum.de,Technical University of Munich,https://avatars.githubusercontent.com/u/8157454?v=4,16,"2014/07/14, 11:33:30","2021/11/26, 13:23:11"
Calliope,calliope-project,https://github.com/calliope-project,https://www.callio.pe/,,https://avatars.githubusercontent.com/u/10073020?v=4,12,"2014/12/04, 10:05:03","2021/11/25, 16:24:55"
OSeMOSYS,OSeMOSYS,https://github.com/OSeMOSYS,http://www.osemosys.org/,,https://avatars.githubusercontent.com/u/14215860?v=4,18,"2015/09/10, 10:16:16","2021/11/22, 19:00:25"
HYDR,VUB-HYDR,https://github.com/VUB-HYDR,http://www.hydr.vub.ac.be/,"Brussels, Belgium",https://avatars.githubusercontent.com/u/35221117?v=4,30,"2018/01/08, 10:44:57","2021/11/26, 10:04:58"
CoMPAS - (Co)nfiguration (M)odules for (P)ower industry (A)utomation (S)ystems,com-pas,https://github.com/com-pas,https://lfenergy.org/projects/compas,,https://avatars.githubusercontent.com/u/63782197?v=4,12,"2020/04/16, 09:14:55","2021/11/26, 19:54:43"
Balmorel Community,balmorelcommunity,https://github.com/balmorelcommunity,,,https://avatars.githubusercontent.com/u/29952453?v=4,10,"2017/07/06, 14:38:32","2021/11/11, 10:17:35"
Open Energy Family,OpenEnergyPlatform,https://github.com/OpenEnergyPlatform,https://github.com/OpenEnergyPlatform/organisation/blob/master/README.md,"Magdeburg, Germany",https://avatars.githubusercontent.com/u/37101913?v=4,17,"2018/03/06, 08:18:33","2021/11/26, 09:54:32"
Collaboration on Energy and Environmental Markets (CEEM),UNSW-CEEM,https://github.com/UNSW-CEEM,http://ceem.unsw.edu.au/,Sydney Australia,https://avatars.githubusercontent.com/u/33536784?v=4,18,"2017/11/10, 04:14:36","2021/11/12, 03:50:34"
AntaresSimulatorTeam,AntaresSimulatorTeam,https://github.com/AntaresSimulatorTeam,,,https://avatars.githubusercontent.com/u/40797821?v=4,12,"2018/07/03, 13:27:43","2021/11/26, 09:26:05"
GMLC-TDC,GMLC-TDC,https://github.com/GMLC-TDC,https://helics.org,,https://avatars.githubusercontent.com/u/22627455?v=4,41,"2016/10/04, 23:27:27","2021/11/24, 23:51:50"
H2020 openENTRANCE,openENTRANCE,https://github.com/openENTRANCE,https://openentrance.eu,,https://avatars.githubusercontent.com/u/60662804?v=4,4,"2020/02/04, 16:06:42","2021/11/20, 16:53:37"
JuliaEnergy,JuliaEnergy,https://github.com/JuliaEnergy,,,https://avatars.githubusercontent.com/u/42609159?v=4,11,"2018/08/22, 12:01:45","2021/11/02, 14:19:36"
IDAES,IDAES,https://github.com/IDAES,https://idaes.org,,https://avatars.githubusercontent.com/u/16325231?v=4,8,"2015/12/16, 17:38:53","2021/11/23, 20:28:20"
"Institute of Energy Systems, Energy Efficiency and Energy Economics - ie3",ie3-institute,https://github.com/ie3-institute,http://www.ie3.tu-dortmund.de/cms/en/Institut/index.html,"Dortmund, Germany ",https://avatars.githubusercontent.com/u/58265273?v=4,19,"2019/11/27, 15:31:42","2021/11/25, 14:18:20"
,PyPSA,https://github.com/PyPSA,,,https://avatars.githubusercontent.com/u/32890768?v=4,20,"2017/10/18, 04:06:39","2021/11/26, 13:42:05"
rte-antares-rpackage,rte-antares-rpackage,https://github.com/rte-antares-rpackage,https://rte-antares-rpackage.github.io/rPackagesRte/,,https://avatars.githubusercontent.com/u/23478907?v=4,32,"2016/11/15, 13:48:55","2021/11/24, 08:12:44"
Spine project,Spine-project,https://github.com/Spine-project,http://www.spine-model.org/,,https://avatars.githubusercontent.com/u/42807090?v=4,34,"2018/08/29, 12:55:53","2021/11/26, 15:45:32"
reegis,reegis,https://github.com/reegis,,,https://avatars.githubusercontent.com/u/35924869?v=4,7,"2018/01/29, 13:59:42","2021/07/29, 08:53:44"
Switch Power System Planning Model,switch-model,https://github.com/switch-model,http://switch-model.org,,https://avatars.githubusercontent.com/u/11792892?v=4,6,"2015/04/04, 02:59:23","2021/11/12, 12:22:31"
SOGNO,sogno-platform,https://github.com/sogno-platform,https://sogno-platform.github.io/,,https://avatars.githubusercontent.com/u/73550268?v=4,22,"2020/10/27, 17:13:12","2021/11/08, 10:49:09"
,pypsa-meets-africa,https://github.com/pypsa-meets-africa,,,https://avatars.githubusercontent.com/u/84225086?v=4,8,"2021/05/15, 08:37:15","2021/11/26, 17:33:24"
powsybl,powsybl,https://github.com/powsybl,https://www.powsybl.org,,https://avatars.githubusercontent.com/u/29916668?v=4,35,"2017/07/05, 09:45:29","2021/11/26, 13:30:13"
MATPOWER Development,MATPOWER,https://github.com/MATPOWER,,,https://avatars.githubusercontent.com/u/22669039?v=4,22,"2016/10/06, 21:08:19","2021/11/23, 01:23:03"
Reiner Lemoine Institut,rl-institut,https://github.com/rl-institut,http://www.reiner-lemoine-institut.de,Berlin/Germany,https://avatars.githubusercontent.com/u/18393972?v=4,51,"2016/04/11, 09:09:11","2021/11/25, 08:29:17"
Integrated Assessment Modeling Consortium (IAMC),IAMconsortium,https://github.com/IAMconsortium,https://www.iamconsortium.org,,https://avatars.githubusercontent.com/u/19565808?v=4,8,"2016/05/25, 06:34:57","2021/11/25, 13:27:46"
openCEM,openCEMorg,https://github.com/openCEMorg,,,https://avatars.githubusercontent.com/u/44991012?v=4,3,"2018/11/13, 03:40:35","2021/06/11, 00:04:45"
The Open Source Spatial Electrification Tool,OnSSET,https://github.com/OnSSET,www.onsset.org,,https://avatars.githubusercontent.com/u/57988767?v=4,7,"2019/11/20, 10:32:23","2021/11/17, 09:15:07"
Intelligent Environments Laboratory,intelligent-environments-lab,https://github.com/intelligent-environments-lab,http://nagy.caee.utexas.edu,"Austin, TX",https://avatars.githubusercontent.com/u/29540963?v=4,17,"2017/06/19, 10:32:44","2021/11/26, 12:05:47"
International Business Machines,IBM,https://github.com/IBM,https://www.ibm.com/opensource/,"Armonk, New York, U.S.",https://avatars.githubusercontent.com/u/1459110?v=4,2282,"2012/02/21, 22:13:01","2021/11/26, 20:04:05"
IIASA,iiasa,https://github.com/iiasa,https://www.iiasa.ac.at,"Laxenburg, Austria",https://avatars.githubusercontent.com/u/15230149?v=4,74,"2015/10/21, 11:14:33","2021/11/26, 21:12:24"
Blue Marble Analytics,blue-marble,https://github.com/blue-marble,https://www.bluemarble.run,"San Francisco, CA",https://avatars.githubusercontent.com/u/22780527?v=4,1,"2016/10/11, 22:48:40","2021/11/24, 02:31:36"
Breakthrough Energy,Breakthrough-Energy,https://github.com/Breakthrough-Energy,https://breakthrough-energy.github.io/docs/,,https://avatars.githubusercontent.com/u/68243594?v=4,11,"2020/07/13, 17:08:20","2021/11/17, 01:52:16"
,EnergyTransition,https://github.com/EnergyTransition,,,https://avatars.githubusercontent.com/u/40061405?v=4,11,"2018/06/08, 11:35:55","2021/11/19, 16:40:21"
OpenEMS,OpenEMS,https://github.com/OpenEMS,http://openems.io,,https://avatars.githubusercontent.com/u/20765902?v=4,8,"2016/08/01, 06:09:31","2021/11/26, 01:50:52"
OpenEEmeter,openeemeter,https://github.com/openeemeter,recurve.com,,https://avatars.githubusercontent.com/u/19336002?v=4,2,"2016/05/12, 23:22:15","2021/11/22, 13:16:58"
OperatorFabric,opfab,https://github.com/opfab,,,https://avatars.githubusercontent.com/u/43637906?v=4,6,"2018/09/27, 09:26:15","2021/11/26, 21:58:29"
Energy Sparks,Energy-Sparks,https://github.com/Energy-Sparks,https://energysparks.uk/,UK,https://avatars.githubusercontent.com/u/66954989?v=4,3,"2020/06/15, 13:06:16","2021/11/26, 09:13:11"
OpenEnergyMonitor,openenergymonitor,https://github.com/openenergymonitor,http://openenergymonitor.org,"Intec, Parc Menai, Bangor, UK",https://avatars.githubusercontent.com/u/758944?v=4,92,"2011/04/29, 12:54:39","2021/11/20, 17:36:53"
Emoncms,emoncms,https://github.com/emoncms,http://emoncms.org,,https://avatars.githubusercontent.com/u/2532311?v=4,35,"2012/10/10, 22:47:20","2021/11/26, 20:58:45"
Seita BV,SeitaBV,https://github.com/SeitaBV,https://seita.nl,"Amsterdam, The Netherlands",https://avatars.githubusercontent.com/u/43065362?v=4,18,"2018/09/07, 10:50:22","2021/11/24, 10:12:28"
Grid Parity Exchange,grid-parity-exchange,https://github.com/grid-parity-exchange,,,https://avatars.githubusercontent.com/u/47119915?v=4,2,"2019/01/28, 18:39:33","2021/11/18, 02:12:38"
Quintel Intelligence,quintel,https://github.com/quintel,quintel.com,Amsterdam,https://avatars.githubusercontent.com/u/2242291?v=4,38,"2012/08/29, 15:08:08","2021/11/22, 10:41:34"
Grid eXchange Fabric (GXF): formerly known as the Open Smart Grid Platform,OSGP,https://github.com/OSGP,https://www.lfenergy.org/projects/gxf/,Vianen,https://avatars.githubusercontent.com/u/11352045?v=4,11,"2015/03/06, 15:23:43","2021/11/26, 10:52:15"
A Library of IEEE PES Power Grid Benchmarks,power-grid-lib,https://github.com/power-grid-lib,https://power-grid-lib.github.io/,,https://avatars.githubusercontent.com/u/21188896?v=4,4,"2016/08/23, 04:43:56","2021/10/28, 15:58:23"
Réseau de transport d'électricité,rte-france,https://github.com/rte-france,http://www.rte-france.com/,,https://avatars.githubusercontent.com/u/19531752?v=4,19,"2016/05/23, 12:08:06","2021/11/18, 15:36:26"
,openego,https://github.com/openego,https://openegoproject.wordpress.com/,,https://avatars.githubusercontent.com/u/15909192?v=4,19,"2015/11/18, 14:10:10","2021/11/19, 08:30:39"
,GridMod,https://github.com/GridMod,,,https://avatars.githubusercontent.com/u/23124369?v=4,4,"2016/10/28, 15:54:38","2021/11/22, 06:54:06"
Energy Web Foundation,energywebfoundation,https://github.com/energywebfoundation,http://energyweb.org/,,https://avatars.githubusercontent.com/u/32361864?v=4,151,"2017/09/28, 12:29:16","2021/11/26, 21:29:56"
Grid Singularity,gridsingularity,https://github.com/gridsingularity,https://gridsingularity.com/,Berlin,https://avatars.githubusercontent.com/u/15871858?v=4,14,"2015/11/16, 13:38:53","2021/11/26, 14:47:49"
"Sony Computer Science Laboratories, Inc.",SonyCSL,https://github.com/SonyCSL,http://www.sonycsl.co.jp/,,https://avatars.githubusercontent.com/u/2343888?v=4,35,"2012/09/14, 03:03:38","2021/03/10, 11:11:46"
Total-R&D,Total-RD,https://github.com/Total-RD,,,https://avatars.githubusercontent.com/u/61286436?v=4,1,"2020/02/20, 16:16:48","2021/11/07, 12:28:50"
Energy and Power Group,EPGOxford,https://github.com/EPGOxford,https://epg.eng.ox.ac.uk/,"Oxford, UK",https://avatars.githubusercontent.com/u/54850669?v=4,2,"2019/09/03, 13:45:59","2021/11/26, 16:54:08"
iTEM: International Transport Energy Modeling,transportenergy,https://github.com/transportenergy,https://transportenergy.org,Worldwide,https://avatars.githubusercontent.com/u/25395954?v=4,5,"2017/01/27, 23:32:53","2021/11/17, 16:29:43"
Microsoft Azure,Azure,https://github.com/Azure,https://docs.microsoft.com/en-us/azure/,"Redmond, WA & the cloud ☁️",https://avatars.githubusercontent.com/u/6844498?v=4,1618,"2014/03/03, 22:17:42","2021/11/26, 23:20:53"
OpenNEM,opennem,https://github.com/opennem,https://opennem.org.au,"Melbourne, Australia",https://avatars.githubusercontent.com/u/39894852?v=4,9,"2018/06/04, 03:54:14","2021/11/26, 02:13:41"
Catalyst Cooperative,catalyst-cooperative,https://github.com/catalyst-cooperative,https://catalyst.coop,"Boulder, CO",https://avatars.githubusercontent.com/u/25487946?v=4,39,"2017/02/01, 17:43:38","2021/11/24, 21:53:50"
World Resources Institute,wri,https://github.com/wri,wri.org,"Washington, DC",https://avatars.githubusercontent.com/u/4615146?v=4,155,"2013/06/04, 21:06:01","2021/11/26, 16:53:11"
Tomorrow,tmrowco,https://github.com/tmrowco,https://www.tmrow.com,,https://avatars.githubusercontent.com/u/24733017?v=4,5,"2016/12/23, 12:00:35","2021/11/26, 15:36:52"
EnergieID cvba-so,EnergieID,https://github.com/EnergieID,http://www.energieid.be,"Antwerp, Belgium",https://avatars.githubusercontent.com/u/13538977?v=4,16,"2015/07/28, 12:58:50","2021/11/26, 19:41:42"
Open Power System Data,Open-Power-System-Data,https://github.com/Open-Power-System-Data,http://open-power-system-data.org/,,https://avatars.githubusercontent.com/u/14346309?v=4,6,"2015/09/18, 10:56:58","2021/11/17, 11:19:54"
FRESNA,FRESNA,https://github.com/FRESNA,https://fias.uni-frankfurt.de/physics/schramm/renewable-energy-system-and-network-analysis/,"Frankfurt am Main, Germany",https://avatars.githubusercontent.com/u/16474771?v=4,6,"2015/12/29, 09:51:39","2021/11/15, 12:36:43"
Our World in Data,owid,https://github.com/owid,https://ourworldindata.org,,https://avatars.githubusercontent.com/u/14187135?v=4,34,"2015/09/08, 20:32:10","2021/11/27, 00:16:01"
ENECHANGE,enechange,https://github.com/enechange,https://enechange.co.jp,"Tokyo, Japan",https://avatars.githubusercontent.com/u/12653157?v=4,5,"2015/05/29, 03:09:21","2021/11/21, 01:46:27"
,DemandRegioTeam,https://github.com/DemandRegioTeam,,,https://avatars.githubusercontent.com/u/57136345?v=4,1,"2019/10/29, 11:07:14","2021/11/26, 13:58:24"
Open Source UK Energy Data,OSUKED,https://github.com/OSUKED,https://osuked.com/,,https://avatars.githubusercontent.com/u/75696139?v=4,20,"2020/12/08, 19:12:13","2021/11/27, 00:42:52"
,mlco2,https://github.com/mlco2,,,https://avatars.githubusercontent.com/u/54071934?v=4,4,"2019/08/13, 14:32:32","2021/11/26, 17:09:01"
Protea.Earth,protea-earth,https://github.com/protea-earth,http://protea.earth,San Francisco ,https://avatars.githubusercontent.com/u/56147791?v=4,6,"2019/10/04, 05:50:23","2021/09/22, 23:49:06"
,ConferenceCarbonTracker,https://github.com/ConferenceCarbonTracker,,,https://avatars.githubusercontent.com/u/83351285?v=4,3,"2021/04/28, 12:53:19","2021/10/27, 14:08:34"
NMF.earth,NMF-earth,https://github.com/NMF-earth,http://nmf.earth,,https://avatars.githubusercontent.com/u/63661783?v=4,6,"2020/04/14, 16:26:47","2021/11/25, 19:48:22"
EnergyPATHWAYS,energyPATHWAYS,https://github.com/energyPATHWAYS,,,https://avatars.githubusercontent.com/u/16344026?v=4,3,"2015/12/18, 01:09:05","2021/10/18, 17:33:21"
,opentaps,https://github.com/opentaps,,,https://avatars.githubusercontent.com/u/79276703?v=4,10,"2021/02/18, 17:44:02","2021/11/24, 15:54:01"
Carbonfact,kansoapp,https://github.com/kansoapp,https://www.carbonfact.com,,https://avatars.githubusercontent.com/u/79087885?v=4,2,"2021/02/15, 11:17:08","2021/11/08, 11:46:43"
Climatiq,climatiq,https://github.com/climatiq,https://climatiq.io,,https://avatars.githubusercontent.com/u/79872434?v=4,3,"2021/03/01, 19:59:12","2021/11/26, 16:30:59"
carbonplan,carbonplan,https://github.com/carbonplan,carbonplan.org,earth,https://avatars.githubusercontent.com/u/58278235?v=4,57,"2019/11/28, 00:57:36","2021/11/25, 15:37:52"
CCSI Toolset,CCSI-Toolset,https://github.com/CCSI-Toolset,https://www.acceleratecarboncapture.org/,,https://avatars.githubusercontent.com/u/27831154?v=4,33,"2017/04/20, 21:16:49","2021/11/25, 17:22:26"
GEOSX,GEOSX,https://github.com/GEOSX,,,https://avatars.githubusercontent.com/u/38363894?v=4,9,"2018/04/13, 20:44:20","2021/11/23, 07:13:00"
Open NanoCarbon,hsbay,https://github.com/hsbay,http://www.autofracture.com/opencarbon,"Horseshoe Bay, California",https://avatars.githubusercontent.com/u/35169692?v=4,2,"2018/01/06, 13:36:21","2021/11/10, 10:30:23"
Province of British Columbia,bcgov,https://github.com/bcgov,https://github.com/bcgov/BC-Policy-Framework-For-GitHub,Canada,https://avatars.githubusercontent.com/u/916280?v=4,1126,"2011/07/14, 22:16:38","2021/11/27, 01:05:11"
Data For Good France,dataforgoodfr,https://github.com/dataforgoodfr,http://www.dataforgood.fr,France,https://avatars.githubusercontent.com/u/11797105?v=4,81,"2015/04/04, 13:14:23","2021/11/26, 15:30:20"
Open Climate Data,openclimatedata,https://github.com/openclimatedata,https://openclimatedata.net,"Potsdam, Germany",https://avatars.githubusercontent.com/u/20420557?v=4,29,"2016/07/12, 13:19:11","2021/11/26, 12:13:02"
Emissions API,emissions-api,https://github.com/emissions-api,https://emissions-api.org,"Osnabrück, Germany",https://avatars.githubusercontent.com/u/47664099?v=4,10,"2019/02/15, 12:22:23","2021/11/08, 12:33:08"
ATMOSCHEM,atmoschem,https://github.com/atmoschem,,,https://avatars.githubusercontent.com/u/35502286?v=4,10,"2018/01/16, 18:21:22","2021/11/24, 22:48:55"
Utah Atmospheric Trace gas & Air Quality Lab,uataq,https://github.com/uataq,https://air.utah.edu,"Salt Lake City, UT",https://avatars.githubusercontent.com/u/30093582?v=4,13,"2017/07/11, 22:33:57","2021/11/08, 21:33:43"
CMU CREATE Lab,CMU-CREATE-Lab,https://github.com/CMU-CREATE-Lab,cmucreatelab.org,"Pittsburgh, PA, USA",https://avatars.githubusercontent.com/u/3278646?v=4,151,"2013/01/15, 19:54:27","2021/11/24, 20:00:44"
Ribbit Network,Ribbit-Network,https://github.com/Ribbit-Network,https://ribbitnetwork.org/,,https://avatars.githubusercontent.com/u/88076953?v=4,4,"2021/07/28, 06:32:55","2021/11/25, 02:25:05"
Modeling and Meteorology Branch of the California Air Resources Board,mmb-carb,https://github.com/mmb-carb,https://www.arb.ca.gov/homepage.htm,"Sacramento, California",https://avatars.githubusercontent.com/u/31774095?v=4,4,"2017/09/08, 16:10:01","2021/10/18, 17:27:49"
BONSAI,BONSAMURAIS,https://github.com/BONSAMURAIS,https://bonsai.uno/,"Aalborg, Denmark",https://avatars.githubusercontent.com/u/25032243?v=4,30,"2017/01/10, 12:35:41","2021/10/28, 11:55:36"
Brightway LCA software framework,brightway-lca,https://github.com/brightway-lca,https://docs.brightway.dev/,,https://avatars.githubusercontent.com/u/26960762?v=4,35,"2017/04/06, 09:37:44","2021/11/26, 22:08:55"
U.S. Environmental Protection Agency,USEPA,https://github.com/USEPA,www.epa.gov,,https://avatars.githubusercontent.com/u/1304320?v=4,329,"2012/01/04, 16:28:10","2021/11/26, 15:59:18"
,GreenDelta,https://github.com/GreenDelta,,,https://avatars.githubusercontent.com/u/3889246?v=4,29,"2013/03/17, 09:58:58","2021/11/24, 16:28:21"
OIE - Mines ParisTech,oie-mines-paristech,https://github.com/oie-mines-paristech,http://www.oie.mines-paristech.fr/,Sophia Antipolis - France,https://avatars.githubusercontent.com/u/62893802?v=4,3,"2020/03/30, 14:41:58","2021/11/25, 16:25:45"
Vizzuality,Vizzuality,https://github.com/Vizzuality,http://www.vizzuality.com,"Madrid, Cambridge, Barcelona, Washington DC",https://avatars.githubusercontent.com/u/305994?v=4,376,"2010/06/15, 16:39:19","2021/11/26, 21:11:46"
Quantitative Sustainable Design (QSD) Group,QSD-Group,https://github.com/QSD-Group,,,https://avatars.githubusercontent.com/u/68925850?v=4,13,"2020/07/28, 20:43:24","2021/11/23, 21:33:57"
ONE ARMY,ONEARMY,https://github.com/ONEARMY,,,https://avatars.githubusercontent.com/u/43448126?v=4,30,"2018/09/20, 15:58:41","2021/11/26, 18:58:42"
circular.fashion,circularfashion,https://github.com/circularfashion,https://circular.fashion,,https://avatars.githubusercontent.com/u/91959849?v=4,1,"2021/10/05, 12:56:23","2021/10/07, 13:22:21"
OpenLitterMap,OpenLitterMap,https://github.com/OpenLitterMap,https://openlittermap.com,"Cork, Ireland",https://avatars.githubusercontent.com/u/62770201?v=4,2,"2020/03/27, 19:28:20","2021/11/25, 22:27:19"
CML-IE-EB,CMLPlatform,https://github.com/CMLPlatform,,,https://avatars.githubusercontent.com/u/29304416?v=4,12,"2017/06/09, 11:05:05","2021/11/24, 15:19:27"
ForestGEO,forestgeo,https://github.com/forestgeo,http://www.forestgeo.si.edu/,Smithsonian Tropical Research Institute,https://avatars.githubusercontent.com/u/25665726?v=4,28,"2017/02/09, 14:45:54","2021/09/30, 02:32:47"
UMR AMAP,umr-amap,https://github.com/umr-amap,http://amap.cirad.fr,"Montpellier, France",https://avatars.githubusercontent.com/u/66062028?v=4,6,"2020/05/28, 09:04:27","2021/10/19, 10:10:05"
Met Office,MetOffice,https://github.com/MetOffice,www.metoffice.gov.uk,"Exeter, UK",https://avatars.githubusercontent.com/u/6997732?v=4,38,"2014/03/19, 11:07:55","2021/11/16, 16:39:47"
Open Foris,openforis,https://github.com/openforis,http://www.openforis.org,"Rome, Italy",https://avatars.githubusercontent.com/u/1212750?v=4,49,"2011/11/22, 11:38:23","2021/11/26, 18:56:13"
ForC,forc-db,https://github.com/forc-db,,Smithsonian,https://avatars.githubusercontent.com/u/16504833?v=4,7,"2015/12/31, 22:00:21","2021/11/24, 13:52:41"
Inverse Tampere,InverseTampere,https://github.com/InverseTampere,https://webpages.tuni.fi/inverse/,"Tampere, Finland",https://avatars.githubusercontent.com/u/27767416?v=4,7,"2017/04/19, 10:13:15","2021/02/13, 09:35:01"
Weecology,weecology,https://github.com/weecology,http://weecology.org,,https://avatars.githubusercontent.com/u/1156696?v=4,153,"2011/10/27, 21:58:55","2021/11/25, 18:12:34"
ECMWF Summer of Weather Code (ESoWC),esowc,https://github.com/esowc,https://esowc.ecmwf.int,Online,https://avatars.githubusercontent.com/u/44897980?v=4,32,"2018/11/09, 12:25:19","2021/11/23, 22:51:12"
European Centre for Medium-Range Weather Forecasts,ecmwf,https://github.com/ecmwf,www.ecmwf.int,"Shinfield Park, Reading, United Kingdom",https://avatars.githubusercontent.com/u/6368067?v=4,42,"2014/01/10, 10:41:59","2021/11/26, 17:33:29"
,globalbioticinteractions,https://github.com/globalbioticinteractions,http://globalbioticinteractions.org,,https://avatars.githubusercontent.com/u/9599468?v=4,196,"2014/11/06, 22:39:04","2021/11/24, 01:18:25"
R lidar,r-lidar,https://github.com/r-lidar,https://github.com/r-lidar,,https://avatars.githubusercontent.com/u/93974705?v=4,4,"2021/11/09, 08:30:14","2021/11/23, 03:22:17"
Western States Water Use Program (WSWUP),WSWUP,https://github.com/WSWUP,https://www.dri.edu/western-states-water-use-program,"Reno, NV",https://avatars.githubusercontent.com/u/23201768?v=4,10,"2016/11/01, 23:25:12","2021/11/16, 23:21:08"
Manaaki Whenua – Landcare Research,manaakiwhenua,https://github.com/manaakiwhenua,https://www.landcareresearch.co.nz/,,https://avatars.githubusercontent.com/u/47998937?v=4,27,"2019/02/26, 01:56:39","2021/11/26, 10:46:13"
,OpenTreeMap,https://github.com/OpenTreeMap,www.opentreemap.org,,https://avatars.githubusercontent.com/u/1125635?v=4,13,"2011/10/13, 13:39:18","2021/11/25, 08:51:12"
Laboratory of Tree-Ring Research,ltrr-arizona-edu,https://github.com/ltrr-arizona-edu,http://ltrr.arizona.edu/,"The University of Arizona, Tucson AZ 85721, USA",https://avatars.githubusercontent.com/u/5680763?v=4,21,"2013/10/14, 07:52:57","2021/11/24, 17:54:47"
DS3 Lab,DS3Lab,https://github.com/DS3Lab,,Zurich,https://avatars.githubusercontent.com/u/20972509?v=4,54,"2016/08/11, 14:40:27","2021/11/26, 11:43:48"
Donald Danforth Plant Science Center,danforthcenter,https://github.com/danforthcenter,http://danforthcenter.org,"St. Louis, MO",https://avatars.githubusercontent.com/u/9678079?v=4,58,"2014/11/11, 15:53:46","2021/11/26, 10:16:49"
NGEE-Tropics,NGEET,https://github.com/NGEET,http://ngee-tropics.lbl.gov/,,https://avatars.githubusercontent.com/u/14792952?v=4,12,"2015/09/22, 18:58:18","2021/11/23, 17:46:36"
,Plant-Root-Soil-Interactions-Modelling,https://github.com/Plant-Root-Soil-Interactions-Modelling,,,https://avatars.githubusercontent.com/u/25530913?v=4,5,"2017/02/03, 14:19:05","2021/11/26, 14:33:03"
PyroNear,pyronear,https://github.com/pyronear,https://pyronear.org/,Paris,https://avatars.githubusercontent.com/u/61667887?v=4,10,"2020/03/01, 22:01:04","2021/11/01, 21:50:10"
Cornell Lab of Ornithology,CornellLabofOrnithology,https://github.com/CornellLabofOrnithology,http://www.birds.cornell.edu,"Ithaca, NY",https://avatars.githubusercontent.com/u/1395442?v=4,10,"2012/01/31, 18:40:38","2021/11/24, 17:29:37"
VIAME,VIAME,https://github.com/VIAME,http://www.viametoolkit.org/,,https://avatars.githubusercontent.com/u/48599248?v=4,12,"2019/03/15, 16:34:22","2021/11/08, 12:09:57"
Ecosystem Dynamics and Assessment Branch,NOAA-EDAB,https://github.com/NOAA-EDAB,https://www.nefsc.noaa.gov/ecosys/,,https://avatars.githubusercontent.com/u/38220006?v=4,40,"2018/04/09, 15:06:18","2021/11/27, 00:57:32"
Open Plant Pathology,openplantpathology,https://github.com/openplantpathology,https://www.openplantpathology.org/,Global,https://avatars.githubusercontent.com/u/27719812?v=4,15,"2017/04/18, 04:56:34","2021/10/25, 03:59:14"
OBIS,iobis,https://github.com/iobis,http://www.obis.org,Belgium,https://avatars.githubusercontent.com/u/13709415?v=4,107,"2015/08/08, 16:30:32","2021/11/24, 20:19:47"
p2irc,p2irc,https://github.com/p2irc,p2irc.usask.ca,University of Saskatchewan,https://avatars.githubusercontent.com/u/27709041?v=4,12,"2017/04/17, 22:44:59","2021/10/13, 01:12:56"
,JuliaOcean,https://github.com/JuliaOcean,,,https://avatars.githubusercontent.com/u/41747359?v=4,10,"2018/07/26, 14:12:32","2021/11/24, 15:43:13"
IUCN Red List of Ecosystems Science Team,red-list-ecosystem,https://github.com/red-list-ecosystem,http://iucnrle.org/,UNSW | Deakin | Yale | JCU,https://avatars.githubusercontent.com/u/29559340?v=4,15,"2017/06/20, 01:31:47","2021/11/24, 23:34:10"
Atlas of Living Australia,AtlasOfLivingAustralia,https://github.com/AtlasOfLivingAustralia,https://www.ala.org.au,Australia,https://avatars.githubusercontent.com/u/7296572?v=4,215,"2014/04/15, 00:46:18","2021/11/26, 11:01:11"
FRB CESAB,FRBCesab,https://github.com/FRBCesab,https://www.fondationbiodiversite.fr/en/about-the-foundation/le-cesab/,"Montpellier, FRANCE",https://avatars.githubusercontent.com/u/56294308?v=4,29,"2019/10/08, 07:48:03","2021/11/19, 15:30:59"
Trait Ecology and Evolution,traitecoevo,https://github.com/traitecoevo,,Australia,https://avatars.githubusercontent.com/u/11747619?v=4,52,"2015/04/01, 03:21:05","2021/11/26, 05:21:55"
Envirometrix,Envirometrix,https://github.com/Envirometrix,http://envirometrix.net,"Wageningen, the Netherlands",https://avatars.githubusercontent.com/u/32822370?v=4,8,"2017/10/15, 20:20:24","2021/10/29, 11:15:02"
BlueGreen Labs,bluegreen-labs,https://github.com/bluegreen-labs,http://bluegreenlabs.org,"Melsele, Belgium",https://avatars.githubusercontent.com/u/65854203?v=4,21,"2020/05/24, 11:50:50","2021/11/23, 16:43:19"
Global Change Ecology & Evolution Research Group,pinskylab,https://github.com/pinskylab,http://pinsky.marine.rutgers.edu,"New Brunswick, NJ",https://avatars.githubusercontent.com/u/32388236?v=4,46,"2017/09/29, 10:16:01","2021/11/23, 21:15:11"
Plant-for-the-Planet,Plant-for-the-Planet-org,https://github.com/Plant-for-the-Planet-org,https://www.plant-for-the-planet.org,,https://avatars.githubusercontent.com/u/6512301?v=4,20,"2014/01/27, 08:18:47","2021/11/24, 10:52:05"
Microsoft,microsoft,https://github.com/microsoft,https://opensource.microsoft.com,"Redmond, WA",https://avatars.githubusercontent.com/u/6154722?v=4,4497,"2013/12/10, 19:06:48","2021/11/27, 00:50:41"
protontypes,protontypes,https://github.com/protontypes,https://protontypes.eu,,https://avatars.githubusercontent.com/u/55761070?v=4,13,"2019/09/24, 17:55:41","2021/11/26, 18:55:44"
Bioverse Labs,Bioverse-Labs,https://github.com/Bioverse-Labs,https://www.bioverselabs.com/,,https://avatars.githubusercontent.com/u/68245846?v=4,3,"2020/07/13, 18:03:02","2021/11/14, 22:57:07"
Protect Earth,protect-earth,https://github.com/protect-earth,https://protect.earth,"Corsham, UK",https://avatars.githubusercontent.com/u/62665039?v=4,2,"2020/03/25, 17:22:17","2021/10/14, 07:39:21"
Technologiestiftung Berlin,technologiestiftung,https://github.com/technologiestiftung,https://www.technologiestiftung-berlin.de,"Berlin, Germany",https://avatars.githubusercontent.com/u/16606790?v=4,193,"2016/01/08, 08:24:07","2021/11/26, 13:49:18"
Measurement of Biodiversity (MoB),MoBiodiv,https://github.com/MoBiodiv,,,https://avatars.githubusercontent.com/u/12683972?v=4,7,"2015/05/31, 14:23:58","2021/11/21, 08:39:54"
Nansen Environmental and Remote Sensing Center,nansencenter,https://github.com/nansencenter,www.nersc.no,"Bergen, Norway",https://avatars.githubusercontent.com/u/5212513?v=4,86,"2013/08/12, 09:36:22","2021/11/26, 12:44:28"
,smrt-model,https://github.com/smrt-model,,,https://avatars.githubusercontent.com/u/23165787?v=4,5,"2016/10/31, 09:40:56","2021/08/26, 10:26:01"
Open Global Glacier Model,OGGM,https://github.com/OGGM,www.oggm.org,,https://avatars.githubusercontent.com/u/14758186?v=4,47,"2015/09/22, 10:30:26","2021/11/24, 11:54:42"
CICE Consortium,CICE-Consortium,https://github.com/CICE-Consortium,,,https://avatars.githubusercontent.com/u/28584507?v=4,5,"2017/05/10, 03:01:48","2021/11/26, 18:12:43"
Parallel Ice Sheet Model,pism,https://github.com/pism,http://www.pism.io/,University of Alaska Fairbanks,https://avatars.githubusercontent.com/u/1057072?v=4,37,"2011/09/16, 20:55:17","2021/11/24, 16:16:49"
NOAA - Geophysical Fluid Dynamics Laboratory,NOAA-GFDL,https://github.com/NOAA-GFDL,www.gfdl.noaa.gov,"Princeton, New Jersey",https://avatars.githubusercontent.com/u/11219395?v=4,43,"2015/02/26, 21:54:23","2021/11/23, 18:03:47"
GEUS Glaciology and Climate,GEUS-Glaciology-and-Climate,https://github.com/GEUS-Glaciology-and-Climate,https://eng.geus.dk/about/organisation/departments/glaciology-and-climate,"Copenhagen, Denmark",https://avatars.githubusercontent.com/u/71171316?v=4,28,"2020/09/12, 08:41:08","2021/11/26, 18:08:14"
Estimating the Circulation and Climate of the Ocean (ECCO),ECCO-GROUP,https://github.com/ECCO-GROUP,,,https://avatars.githubusercontent.com/u/34173086?v=4,10,"2017/12/01, 21:28:29","2021/11/24, 18:50:03"
,icesat2py,https://github.com/icesat2py,,,https://avatars.githubusercontent.com/u/57814535?v=4,3,"2019/11/15, 21:01:26","2021/11/23, 22:14:57"
CryoTools,cryotools,https://github.com/cryotools,https://cryo-tools.org,,https://avatars.githubusercontent.com/u/33029607?v=4,7,"2017/10/23, 13:41:48","2021/11/26, 16:04:29"
National Snow and Ice Data Center,nsidc,https://github.com/nsidc,http://www.nsidc.org/,"Boulder, Colorado",https://avatars.githubusercontent.com/u/1874284?v=4,65,"2012/06/20, 21:33:36","2021/11/25, 01:42:49"
Norwegian Earth System Modeling hub,NorESMhub,https://github.com/NorESMhub,https://NorESM-docs.readthedocs.io/en/latest,,https://avatars.githubusercontent.com/u/12492281?v=4,27,"2015/05/18, 07:30:39","2021/11/26, 12:51:09"
Climate Modeling Alliance,CliMA,https://github.com/CliMA,https://clima.caltech.edu,,https://avatars.githubusercontent.com/u/43161188?v=4,59,"2018/09/11, 03:37:06","2021/11/25, 22:49:05"
OpenDrift,OpenDrift,https://github.com/OpenDrift,https://opendrift.github.io/,,https://avatars.githubusercontent.com/u/23311271?v=4,5,"2016/11/07, 10:56:08","2021/11/25, 14:41:26"
Thomas Haine Research Group,hainegroup,https://github.com/hainegroup,,,https://avatars.githubusercontent.com/u/61514340?v=4,7,"2020/02/26, 17:21:43","2021/11/23, 11:23:54"
,SciTools,https://github.com/SciTools,https://scitools.org.uk/,,https://avatars.githubusercontent.com/u/1391487?v=4,35,"2012/01/30, 14:09:25","2021/11/25, 11:45:42"
TeamOcean,team-ocean,https://github.com/team-ocean,https://www.nbi.ku.dk/english/research/pice/oceanography/,Copenhagen,https://avatars.githubusercontent.com/u/57774860?v=4,3,"2019/11/14, 21:31:37","2021/11/26, 23:40:08"
NASA,nasa,https://github.com/nasa,https://github.com/nasa/nasa.github.io/blob/master/docs/INSTRUCTIONS.md,United States of America,https://avatars.githubusercontent.com/u/848102?v=4,389,"2011/06/13, 22:19:22","2021/11/27, 01:27:33"
Ocean Navigator,DFO-Ocean-Navigator,https://github.com/DFO-Ocean-Navigator,http://navigator.oceansdata.ca,,https://avatars.githubusercontent.com/u/29958846?v=4,19,"2017/07/06, 19:03:56","2021/11/18, 10:58:21"
MITgcm,MITgcm,https://github.com/MITgcm,,,https://avatars.githubusercontent.com/u/11047419?v=4,7,"2015/02/17, 16:36:19","2021/11/26, 11:43:26"
National Center for Atmospheric Research,NCAR,https://github.com/NCAR,http://ncar.ucar.edu,"Boulder, CO",https://avatars.githubusercontent.com/u/2007542?v=4,730,"2012/07/19, 20:37:34","2021/11/27, 01:21:55"
Pacific Marine Environmental Laboratory,NOAA-PMEL,https://github.com/NOAA-PMEL,http://www.pmel.noaa.gov,"Seattle, WA",https://avatars.githubusercontent.com/u/16405663?v=4,77,"2015/12/22, 19:57:04","2021/11/24, 17:54:02"
,OceanParcels,https://github.com/OceanParcels,http://oceanparcels.org,,https://avatars.githubusercontent.com/u/14887518?v=4,44,"2015/09/29, 09:42:21","2021/11/25, 15:48:44"
MOHIDWater Modelling System,Mohid-Water-Modelling-System,https://github.com/Mohid-Water-Modelling-System,www.mohid.com,"Lisbon, Portugal",https://avatars.githubusercontent.com/u/15635544?v=4,2,"2015/11/03, 16:53:38","2021/11/16, 10:17:14"
MEOM Research Group,meom-group,https://github.com/meom-group,http://meom-group.github.io/,"Grenoble, France",https://avatars.githubusercontent.com/u/18685991?v=4,18,"2016/04/26, 18:15:46","2021/11/25, 11:54:12"
GOTM,gotm-model,https://github.com/gotm-model,https://gotm.net,,https://avatars.githubusercontent.com/u/16253606?v=4,4,"2015/12/11, 09:54:12","2021/11/26, 23:00:07"
,ESMG,https://github.com/ESMG,,,https://avatars.githubusercontent.com/u/18122841?v=4,23,"2016/03/28, 17:33:16","2021/11/24, 20:38:59"
UU-Hydro,UU-Hydro,https://github.com/UU-Hydro,http://www.globalhydrology.nl/,"Utrecht, Netherlands",https://avatars.githubusercontent.com/u/8937096?v=4,6,"2014/09/27, 08:22:48","2021/11/26, 14:45:00"
HydroShare,hydroshare,https://github.com/hydroshare,http://hydroshare.cuahsi.org/,,https://avatars.githubusercontent.com/u/3444493?v=4,58,"2013/02/01, 02:49:57","2021/11/19, 19:25:54"
Dryland Ecology,DrylandEcology,https://github.com/DrylandEcology,,,https://avatars.githubusercontent.com/u/4193619?v=4,24,"2013/04/18, 17:04:22","2021/11/12, 12:45:33"
PassaH2O Group,passaH2O,https://github.com/passaH2O,https://sites.google.com/site/passalacquagroup/home,,https://avatars.githubusercontent.com/u/30088719?v=4,7,"2017/07/11, 19:25:09","2021/11/10, 19:57:01"
Australian Antarctic Division,AustralianAntarcticDivision,https://github.com/AustralianAntarcticDivision,,,https://avatars.githubusercontent.com/u/8952518?v=4,49,"2014/09/29, 02:12:48","2021/11/11, 22:23:07"
COSIMA,COSIMA,https://github.com/COSIMA,http://cosima.org.au,Australia,https://avatars.githubusercontent.com/u/12704607?v=4,49,"2015/06/01, 22:42:56","2021/11/25, 06:27:50"
,FLARE-forecast,https://github.com/FLARE-forecast,,,https://avatars.githubusercontent.com/u/62960078?v=4,30,"2020/03/31, 18:41:30","2021/11/26, 05:22:05"
Deltares,Deltares,https://github.com/Deltares,https://www.deltares.nl/en/,"Delft, The Netherlands",https://avatars.githubusercontent.com/u/6613768?v=4,71,"2014/02/07, 08:48:02","2021/11/26, 16:32:20"
SpaceML,spaceml-org,https://github.com/spaceml-org,spaceml.org,,https://avatars.githubusercontent.com/u/75035593?v=4,16,"2020/11/25, 16:31:34","2021/11/26, 00:58:47"
Parflow,parflow,https://github.com/parflow,https://www.parflow.org,,https://avatars.githubusercontent.com/u/19506192?v=4,5,"2016/05/21, 14:47:30","2021/10/26, 20:20:19"
ESIP,ESIPFed,https://github.com/ESIPFed,http://esipfed.org,United States,https://avatars.githubusercontent.com/u/3588047?v=4,85,"2013/02/13, 20:47:25","2021/11/26, 07:24:57"
Global Hydrodynamics Lab,global-hydrodynamics,https://github.com/global-hydrodynamics,https://global-hydrodynamics.github.io/,Tokyo,https://avatars.githubusercontent.com/u/76986737?v=4,3,"2021/01/05, 04:48:08","2021/11/19, 08:23:02"
,NOAA-OWP,https://github.com/NOAA-OWP,,,https://avatars.githubusercontent.com/u/60660814?v=4,18,"2020/02/04, 15:16:14","2021/11/26, 13:59:42"
Cloud to Street,cloudtostreet,https://github.com/cloudtostreet,https://cloudtostreet.ai/careers,,https://avatars.githubusercontent.com/u/33142951?v=4,8,"2017/10/27, 03:45:31","2021/09/16, 15:59:16"
Aqualink.org,aqualinkorg,https://github.com/aqualinkorg,aqualink.org,"San Francisco, CA",https://avatars.githubusercontent.com/u/63257299?v=4,4,"2020/04/06, 18:06:55","2021/11/26, 16:24:21"
Euro-Argo ERIC,euroargodev,https://github.com/euroargodev,https://www.euro-argo.eu,,https://avatars.githubusercontent.com/u/57987739?v=4,33,"2019/11/20, 10:01:27","2021/11/27, 02:01:31"
,eWaterCycle,https://github.com/eWaterCycle,http://www.ewatercycle.org,,https://avatars.githubusercontent.com/u/12843269?v=4,59,"2015/06/11, 09:31:57","2021/11/19, 01:58:14"
,RHESSys,https://github.com/RHESSys,,,https://avatars.githubusercontent.com/u/4058983?v=4,9,"2013/04/04, 12:53:19","2021/11/25, 11:28:52"
,earth-system-radiation,https://github.com/earth-system-radiation,,,https://avatars.githubusercontent.com/u/61439532?v=4,4,"2020/02/25, 00:17:05","2021/11/14, 05:53:14"
Oasis Loss Modelling Framework,OasisLMF,https://github.com/OasisLMF,oasislmf.github.io,London,https://avatars.githubusercontent.com/u/8616323?v=4,33,"2014/09/01, 14:52:13","2021/11/25, 13:22:25"
Simulation and Data Laboratory Climate Science,slcs-jsc,https://github.com/slcs-jsc,http://www.fz-juelich.de/ias/jsc/slcs,"Forschungszentrum Jülich, Germany",https://avatars.githubusercontent.com/u/14200814?v=4,6,"2015/09/09, 14:43:54","2021/11/15, 15:45:20"
Atmospheric and Environmental Research R&C,AER-RC,https://github.com/AER-RC,https://www.aer.com/science-research/atmosphere/radiative-transfer/,,https://avatars.githubusercontent.com/u/43891147?v=4,15,"2018/10/05, 18:08:12","2021/11/12, 16:30:36"
CNES,CNES,https://github.com/CNES,https://cnes.fr,,https://avatars.githubusercontent.com/u/30655936?v=4,49,"2017/08/02, 11:05:45","2021/11/26, 16:45:24"
,Open-MSS,https://github.com/Open-MSS,,,https://avatars.githubusercontent.com/u/75254179?v=4,7,"2020/11/30, 12:04:54","2021/11/25, 08:50:38"
Space Physics,space-physics,https://github.com/space-physics,,1 au,https://avatars.githubusercontent.com/u/36680810?v=4,64,"2018/02/20, 22:19:18","2021/11/16, 14:20:49"
Unidata,Unidata,https://github.com/Unidata,https://www.unidata.ucar.edu/,"Boulder, Colorado, USA",https://avatars.githubusercontent.com/u/613345?v=4,118,"2011/02/11, 19:29:56","2021/11/25, 18:10:56"
Exeter Climate Systems,ExeClim,https://github.com/ExeClim,,,https://avatars.githubusercontent.com/u/13350658?v=4,2,"2015/07/15, 13:36:43","2021/11/15, 12:34:14"
,GralDispersionModel,https://github.com/GralDispersionModel,,,https://avatars.githubusercontent.com/u/56819015?v=4,6,"2019/10/21, 07:49:31","2021/11/08, 18:36:37"
GEOS-Chem,geoschem,https://github.com/geoschem,http://www.geos-chem.org,International,https://avatars.githubusercontent.com/u/8321017?v=4,46,"2014/07/31, 14:21:11","2021/11/23, 02:16:00"
Energy Exascale Earth System Model Project,E3SM-Project,https://github.com/E3SM-Project,http://e3sm.org,,https://avatars.githubusercontent.com/u/7558558?v=4,56,"2014/05/12, 14:02:13","2021/11/25, 09:49:40"
UW Hydro | Computational Hydrology,UW-Hydro,https://github.com/UW-Hydro,http://uw-hydro.github.io/,"Seattle, WA",https://avatars.githubusercontent.com/u/3475662?v=4,26,"2013/02/04, 21:26:40","2021/09/28, 17:45:02"
NOAA Environmental Modeling Center (EMC),NOAA-EMC,https://github.com/NOAA-EMC,http://www.emc.ncep.noaa.gov/,,https://avatars.githubusercontent.com/u/37810995?v=4,143,"2018/03/26, 17:17:27","2021/11/24, 18:54:31"
EarthSystemDiagnostics,EarthSystemDiagnostics,https://github.com/EarthSystemDiagnostics,https://www.awi.de/en/science/geosciences/polar-terrestrial-environmental-systems/research-foci/earth-system-diagnostics.html,,https://avatars.githubusercontent.com/u/45169479?v=4,26,"2018/11/19, 12:07:42","2021/11/26, 15:55:35"
ESMValGroup,ESMValGroup,https://github.com/ESMValGroup,https://www.esmvaltool.org,,https://avatars.githubusercontent.com/u/24584460?v=4,10,"2016/12/15, 08:45:07","2021/11/26, 12:31:29"
Pangeo,pangeo-data,https://github.com/pangeo-data,http://pangeo.io,earth,https://avatars.githubusercontent.com/u/23299451?v=4,79,"2016/11/06, 20:39:41","2021/11/27, 01:25:13"
Earth System Community Modeling Portal,ESCOMP,https://github.com/ESCOMP,https://escomp.github.io/,,https://avatars.githubusercontent.com/u/33552285?v=4,51,"2017/11/10, 15:59:40","2021/11/23, 20:02:53"
,JuliaClimate,https://github.com/JuliaClimate,,,https://avatars.githubusercontent.com/u/41747566?v=4,16,"2018/07/26, 14:15:42","2021/11/26, 15:16:13"
Eradiate,eradiate,https://github.com/eradiate,,,https://avatars.githubusercontent.com/u/65609068?v=4,5,"2020/05/19, 14:07:41","2021/11/26, 14:31:26"
LBL-EESA,LBL-EESA,https://github.com/LBL-EESA,http://eesa.lbl.gov/,"Berkeley, CA",https://avatars.githubusercontent.com/u/15636701?v=4,9,"2015/11/03, 17:57:42","2021/11/25, 17:08:56"
Modular Ocean Model (Community Supported Version),mom-ocean,https://github.com/mom-ocean,https://mom-ocean.github.io,,https://avatars.githubusercontent.com/u/26398454?v=4,11,"2017/03/14, 03:36:46","2021/11/25, 01:22:32"
The Apache Software Foundation,apache,https://github.com/apache,https://www.apache.org/,,https://avatars.githubusercontent.com/u/47359?v=4,2281,"2009/01/17, 20:14:40","2021/11/27, 02:49:22"
,CliMT,https://github.com/CliMT,,,https://avatars.githubusercontent.com/u/23116436?v=4,2,"2016/10/28, 08:12:23","2021/11/16, 20:42:08"
,OMS-NetZero,https://github.com/OMS-NetZero,,,https://avatars.githubusercontent.com/u/26712044?v=4,4,"2017/03/27, 11:02:56","2021/11/17, 11:02:44"
Weather and Climate Risks Group,CLIMADA-project,https://github.com/CLIMADA-project,www.wcr.ethz.ch,"Zurich, Switzerland",https://avatars.githubusercontent.com/u/44439051?v=4,3,"2018/10/24, 14:09:41","2021/11/14, 06:22:45"
ClimateMARGO,ClimateMARGO,https://github.com/ClimateMARGO,,,https://avatars.githubusercontent.com/u/73409911?v=4,7,"2020/10/25, 00:02:22","2021/11/18, 18:37:58"
Ouranos inc.,Ouranosinc,https://github.com/Ouranosinc,www.ouranos.ca,Canada,https://avatars.githubusercontent.com/u/1696763?v=4,66,"2012/05/01, 21:14:49","2021/11/26, 21:17:37"
Earth System Modeling Framework,esmf-org,https://github.com/esmf-org,,,https://avatars.githubusercontent.com/u/60195040?v=4,19,"2020/01/22, 18:44:36","2021/11/27, 02:00:17"
GEOdels,Geodels,https://github.com/Geodels,www.earthcolab.org,School of Geosciences - University of Sydney,https://avatars.githubusercontent.com/u/42806984?v=4,16,"2018/08/29, 12:51:57","2021/11/18, 03:02:24"
,GIS4WRF,https://github.com/GIS4WRF,https://gis4wrf.github.io,,https://avatars.githubusercontent.com/u/37047890?v=4,2,"2018/03/04, 18:08:51","2021/10/30, 09:10:14"
,MPAS-Dev,https://github.com/MPAS-Dev,,,https://avatars.githubusercontent.com/u/4063217?v=4,15,"2013/04/04, 21:24:15","2021/11/26, 11:11:58"
Badlands,badlands-model,https://github.com/badlands-model,www.earthcolab.org,School of Geosciences - University of Sydney,https://avatars.githubusercontent.com/u/11727410?v=4,6,"2015/03/30, 21:38:15","2021/11/14, 13:38:21"
RMIB - Dynamical Meteorology and Climatology,Climdyn,https://github.com/Climdyn,http://climdyn.meteo.be,"Brussels, Belgium",https://avatars.githubusercontent.com/u/17494336?v=4,5,"2016/02/26, 11:33:38","2021/11/26, 09:59:01"
Community Surface Dynamics Modeling System,csdms,https://github.com/csdms,http://csdms.colorado.edu,,https://avatars.githubusercontent.com/u/6618239?v=4,87,"2014/02/07, 18:04:49","2021/11/24, 17:25:20"
Landlab,landlab,https://github.com/landlab,http://landlab.github.io,,https://avatars.githubusercontent.com/u/7543483?v=4,23,"2014/05/10, 16:08:22","2021/11/23, 06:25:19"
,atmtools,https://github.com/atmtools,,,https://avatars.githubusercontent.com/u/17474833?v=4,18,"2016/02/25, 13:22:53","2021/11/26, 13:40:17"
European Centre for Medium-Range Weather Forecasts,ecmwf-ifs,https://github.com/ecmwf-ifs,https://www.ecmwf.int,"Shinfield Park, Reading, United Kingdom",https://avatars.githubusercontent.com/u/84339824?v=4,2,"2021/05/17, 16:16:27","2021/11/10, 10:17:42"
Acclimate Model,acclimate,https://github.com/acclimate,,Potsdam,https://avatars.githubusercontent.com/u/30042497?v=4,4,"2017/07/10, 09:25:17","2021/10/23, 22:09:49"
CF Conventions,cf-convention,https://github.com/cf-convention,cf-convention.github.io,github,https://avatars.githubusercontent.com/u/6909709?v=4,6,"2014/03/10, 16:51:00","2021/11/17, 17:50:03"
,ClimateWatch-Vizzuality,https://github.com/ClimateWatch-Vizzuality,,,https://avatars.githubusercontent.com/u/41366936?v=4,7,"2018/07/18, 09:48:05","2021/11/24, 08:50:24"
Santander Meteorology Group (UC-CSIC),SantanderMetGroup,https://github.com/SantanderMetGroup,http://www.meteo.unican.es,Santander,https://avatars.githubusercontent.com/u/5774630?v=4,61,"2013/10/25, 13:27:32","2021/11/23, 18:50:00"
ARCCSS climate extremes,ARCCSS-extremes,https://github.com/ARCCSS-extremes,,,https://avatars.githubusercontent.com/u/12821207?v=4,3,"2015/06/09, 22:36:30","2021/11/17, 13:37:27"
National Climate Prediction Portal,NCPP,https://github.com/NCPP,http://earthsystemcog.org/projects/ncpp/,,https://avatars.githubusercontent.com/u/609440?v=4,12,"2011/02/09, 19:34:22","2021/10/22, 18:20:37"
OpenFloodAI,OpenFloodAI,https://github.com/OpenFloodAI,openfloodai.github.io,Earth,https://avatars.githubusercontent.com/u/54814756?v=4,4,"2019/09/02, 17:06:57","2021/11/15, 10:24:45"
CSIRO Oceans and Atmosphere - Coastal Informatics Team,onaci,https://github.com/onaci,https://www.csiro.au/en/about/people/business-units/Oceans-and-Atmosphere,Australia,https://avatars.githubusercontent.com/u/34732655?v=4,41,"2017/12/21, 05:27:12","2021/10/15, 00:31:59"
xgcm,xgcm,https://github.com/xgcm,,,https://avatars.githubusercontent.com/u/14025832?v=4,7,"2015/08/29, 04:52:26","2021/11/20, 15:59:57"
PraCTES,PraCTES,https://github.com/PraCTES,,,https://avatars.githubusercontent.com/u/59091906?v=4,1,"2019/12/20, 14:37:58","2021/09/28, 21:04:04"
ESA CCI Toolbox (Cate),CCI-Tools,https://github.com/CCI-Tools,https://climate.esa.int/en/explore/analyse-climate-data/,"ESA ECSAT, Harwell, UK",https://avatars.githubusercontent.com/u/17924920?v=4,25,"2016/03/18, 09:56:41","2021/11/22, 13:08:26"
Ubilabs,ubilabs,https://github.com/ubilabs,https://ubilabs.com,"Hamburg, Germany",https://avatars.githubusercontent.com/u/50165?v=4,104,"2009/01/29, 10:16:06","2021/11/22, 09:54:14"
Observations Data Model 2,ODM2,https://github.com/ODM2,http://www.odm2.org,,https://avatars.githubusercontent.com/u/12091612?v=4,20,"2015/04/23, 23:21:14","2021/10/28, 13:05:52"
Pytroll,pytroll,https://github.com/pytroll,http://pytroll.org/,,https://avatars.githubusercontent.com/u/13004956?v=4,48,"2015/06/22, 18:10:02","2021/11/26, 15:21:42"
Program for Climate Model Diagnosis and Intercomparison,PCMDI,https://github.com/PCMDI,http://pcmdi.llnl.gov,Lawrence Livermore National Lab,https://avatars.githubusercontent.com/u/6098305?v=4,35,"2013/12/03, 19:09:10","2021/11/23, 01:27:54"
xarray-contrib ,xarray-contrib,https://github.com/xarray-contrib,https://xarray.pydata.org/,,https://avatars.githubusercontent.com/u/35757293?v=4,12,"2018/01/24, 06:13:32","2021/11/26, 01:09:23"
IDEAS-lab,ideas-lab-nus,https://github.com/ideas-lab-nus,https://ideaslab.io,,https://avatars.githubusercontent.com/u/49540067?v=4,20,"2019/04/12, 00:21:08","2021/11/22, 15:16:08"
Intake,intake,https://github.com/intake,https://intake.readthedocs.io/en/latest/,,https://avatars.githubusercontent.com/u/1469464?v=4,29,"2012/02/24, 12:45:39","2021/11/26, 14:14:26"
,h5netcdf,https://github.com/h5netcdf,,,https://avatars.githubusercontent.com/u/74427192?v=4,1,"2020/11/13, 18:27:52","2021/11/08, 10:23:44"
netCDF Operators,nco,https://github.com/nco,,,https://avatars.githubusercontent.com/u/13952264?v=4,7,"2015/08/24, 21:42:39","2021/11/19, 18:20:15"
rOpenSpain,rOpenSpain,https://github.com/rOpenSpain,http://ropenspain.es,Spain,https://avatars.githubusercontent.com/u/34716267?v=4,21,"2017/12/20, 15:06:41","2021/11/26, 12:20:06"
roocs - remote operations on climate simulations,roocs,https://github.com/roocs,,,https://avatars.githubusercontent.com/u/60000375?v=4,22,"2020/01/17, 11:11:26","2021/11/26, 00:14:44"
OpenSCM,openscm,https://github.com/openscm,,,https://avatars.githubusercontent.com/u/62363211?v=4,9,"2020/03/19, 00:40:25","2021/11/11, 22:37:19"
IPCC-WG1,IPCC-WG1,https://github.com/IPCC-WG1,https://github.com/IPCC-WG1,,https://avatars.githubusercontent.com/u/50878063?v=4,9,"2019/05/21, 14:49:55","2021/08/26, 19:31:00"
CERFACS GLOBC,cerfacs-globc,https://github.com/cerfacs-globc,http://www.cerfacs.fr/,"Toulouse, France",https://avatars.githubusercontent.com/u/11227557?v=4,9,"2015/02/27, 10:12:29","2021/11/15, 06:02:30"
DeepSphere,deepsphere,https://github.com/deepsphere,,,https://avatars.githubusercontent.com/u/39727223?v=4,8,"2018/05/29, 08:59:06","2021/11/14, 01:42:39"
PRIMAP,pik-primap,https://github.com/pik-primap,https://www.pik-potsdam.de/,"Potsdam Institute for Climate Impact Research (PIK), Germany",https://avatars.githubusercontent.com/u/76953766?v=4,3,"2021/01/04, 13:34:22","2021/11/25, 15:30:14"
WFP-VAM,WFP-VAM,https://github.com/WFP-VAM,vam.wfp.org,At the end of the rainbow,https://avatars.githubusercontent.com/u/19554115?v=4,40,"2016/05/24, 14:22:49","2021/11/26, 16:50:33"
,RadiativeTransfer,https://github.com/RadiativeTransfer,,,https://avatars.githubusercontent.com/u/83097293?v=4,4,"2021/04/23, 22:01:31","2021/11/16, 12:20:10"
Sh**t! I Smoke,shootismoke,https://github.com/shootismoke,https://shootismoke.app,,https://avatars.githubusercontent.com/u/38987097?v=4,5,"2018/05/04, 16:29:02","2021/11/03, 16:14:37"
Open Data Stuttgart,opendata-stuttgart,https://github.com/opendata-stuttgart,http://codefor.de/stuttgart/,"Stuttgart, Germany",https://avatars.githubusercontent.com/u/11635590?v=4,32,"2015/03/24, 18:19:27","2021/11/26, 11:58:44"
HabitatMap,HabitatMap,https://github.com/HabitatMap,www.habitatmap.org,,https://avatars.githubusercontent.com/u/4368191?v=4,7,"2013/05/07, 18:24:21","2021/11/26, 16:03:39"
OpenAQ Platform,openaq,https://github.com/openaq,https://openaq.org,,https://avatars.githubusercontent.com/u/11806583?v=4,40,"2015/04/05, 13:24:21","2021/11/26, 22:09:54"
simplabs,simplabs,https://github.com/simplabs,https://simplabs.com,Europe,https://avatars.githubusercontent.com/u/56627?v=4,57,"2009/02/21, 16:34:48","2021/11/26, 10:48:42"
Center for Environmental Modeling for Policy Development,CEMPD,https://github.com/CEMPD,http://www.ie.unc.edu/cempd/,,https://avatars.githubusercontent.com/u/10236376?v=4,15,"2014/12/18, 19:44:26","2021/11/18, 00:13:51"
,spatialmodel,https://github.com/spatialmodel,,,https://avatars.githubusercontent.com/u/18638369?v=4,5,"2016/04/24, 04:07:49","2021/11/15, 18:12:35"
Norwegian Meteorological Institute,metno,https://github.com/metno,https://www.met.no,Norway,https://avatars.githubusercontent.com/u/893264?v=4,302,"2011/07/04, 10:31:23","2021/11/27, 02:46:59"
Openvironment,openvironment,https://github.com/openvironment,https://www.astridproject.com/,Brazil,https://avatars.githubusercontent.com/u/46464225?v=4,4,"2019/01/07, 23:20:33","2021/11/18, 01:56:24"
Safecast,Safecast,https://github.com/Safecast,http://safecast.org,Japan,https://avatars.githubusercontent.com/u/959637?v=4,65,"2011/08/04, 18:22:56","2021/11/24, 01:29:59"
OpenOakland,openoakland,https://github.com/openoakland,http://openoakland.org,"Oakland, CA",https://avatars.githubusercontent.com/u/2238933?v=4,88,"2012/08/29, 04:17:02","2021/11/25, 03:42:07"
USGS-R,USGS-R,https://github.com/USGS-R,https://owi.usgs.gov/R/,,https://avatars.githubusercontent.com/u/3188813?v=4,152,"2013/01/04, 21:46:06","2021/11/26, 20:36:16"
Code for Boston,codeforboston,https://github.com/codeforboston,http://codeforboston.org,"Boston, MA",https://avatars.githubusercontent.com/u/2533182?v=4,116,"2012/10/11, 01:56:52","2021/11/24, 00:57:30"
Aquatic EcoDynamics research group,AquaticEcoDynamics,https://github.com/AquaticEcoDynamics,aquatic.science.uwa.edu.au,"Perth, Australia",https://avatars.githubusercontent.com/u/16325047?v=4,36,"2015/12/16, 17:21:57","2021/11/23, 23:04:37"
USGS MODFLOW and Related Programs,MODFLOW-USGS,https://github.com/MODFLOW-USGS,,,https://avatars.githubusercontent.com/u/34482102?v=4,14,"2017/12/12, 14:47:54","2021/11/26, 22:03:27"
Arpae ER - Servizio Idro Meteo Clima,ARPA-SIMC,https://github.com/ARPA-SIMC,https://arpae.it/sim,"Bologna, Italy",https://avatars.githubusercontent.com/u/13255471?v=4,69,"2015/07/09, 13:00:56","2021/11/26, 19:10:18"
KnowFlowTeam,KnowFlow,https://github.com/KnowFlow,https://publiclab.org/wiki/knowflow,China,https://avatars.githubusercontent.com/u/29268263?v=4,8,"2017/06/08, 03:14:23","2021/10/12, 02:25:54"
"European Commission, Joint Research Centre (JRC)",ec-jrc,https://github.com/ec-jrc,https://ec.europa.eu/jrc/,,https://avatars.githubusercontent.com/u/39263635?v=4,52,"2018/05/14, 10:26:03","2021/11/27, 03:24:44"
,QGEP,https://github.com/QGEP,,,https://avatars.githubusercontent.com/u/12323993?v=4,11,"2015/05/08, 07:33:07","2021/11/16, 16:52:05"
AguaClara,AguaClara,https://github.com/AguaClara,http://aguaclara.cornell.edu/,"Ithaca, NY",https://avatars.githubusercontent.com/u/19206983?v=4,84,"2016/05/05, 12:56:37","2021/11/23, 02:07:25"
Open Water Analytics,OpenWaterAnalytics,https://github.com/OpenWaterAnalytics,http://wateranalytics.org,,https://avatars.githubusercontent.com/u/2392819?v=4,24,"2012/09/21, 10:43:52","2021/10/26, 15:54:31"
Computational Infrastructure for Geodynamics,geodynamics,https://github.com/geodynamics,https://www.geodynamics.org/,,https://avatars.githubusercontent.com/u/4052461?v=4,42,"2013/04/03, 19:52:48","2021/11/26, 10:26:50"
NOAA-ORR-ERD,NOAA-ORR-ERD,https://github.com/NOAA-ORR-ERD,response.restoration.noaa.gov,"Seattle, WA",https://avatars.githubusercontent.com/u/4809476?v=4,46,"2013/06/24, 23:40:36","2021/11/10, 00:39:42"
USDA ARS Northwest Watershed Research Center,USDA-ARS-NWRC,https://github.com/USDA-ARS-NWRC,,"Boise, ID",https://avatars.githubusercontent.com/u/31993374?v=4,26,"2017/09/15, 14:55:11","2021/11/23, 19:37:50"
WikiWatershed,WikiWatershed,https://github.com/WikiWatershed,http://wikiwatershed.org,,https://avatars.githubusercontent.com/u/8520008?v=4,9,"2014/08/22, 04:08:48","2021/11/13, 02:12:38"
Global Hydrology Lab,GlobalHydrologyLab,https://github.com/GlobalHydrologyLab,uncglobalhydrology.org,,https://avatars.githubusercontent.com/u/33097472?v=4,9,"2017/10/25, 15:43:54","2021/10/04, 20:14:10"
pyGSFLOW,pygsflow,https://github.com/pygsflow,,,https://avatars.githubusercontent.com/u/47640617?v=4,2,"2019/02/14, 17:28:32","2021/11/05, 17:49:21"
,UMN-Hydro,https://github.com/UMN-Hydro,,,https://avatars.githubusercontent.com/u/16745966?v=4,11,"2016/01/17, 16:44:01","2021/06/25, 15:20:41"
Canadian Society for Hydrological Sciences,CSHS-CWRA,https://github.com/CSHS-CWRA,https://cwra.org/en/branches/affiliates/cshs-a,,https://avatars.githubusercontent.com/u/38532892?v=4,5,"2018/04/19, 14:18:25","2021/11/16, 23:05:55"
Call for Code® with The Linux Foundation,Call-for-Code,https://github.com/Call-for-Code,https://developer.ibm.com/callforcode/,179 nations and growing,https://avatars.githubusercontent.com/u/38950415?v=4,73,"2018/05/03, 13:24:57","2021/11/22, 15:32:15"
,modflowpy,https://github.com/modflowpy,,,https://avatars.githubusercontent.com/u/10146746?v=4,3,"2014/12/10, 20:36:18","2021/11/18, 14:07:53"
PCRaster,pcraster,https://github.com/pcraster,http://www.pcraster.eu,"Utrecht, Netherlands",https://avatars.githubusercontent.com/u/10530850?v=4,28,"2015/01/14, 12:22:59","2021/11/26, 06:30:20"
Neural Hydrology,neuralhydrology,https://github.com/neuralhydrology,https://neuralhydrology.github.io/,,https://avatars.githubusercontent.com/u/59032226?v=4,2,"2019/12/18, 20:46:53","2021/11/26, 15:36:47"
,USGS-python,https://github.com/USGS-python,,,https://avatars.githubusercontent.com/u/37596941?v=4,4,"2018/03/20, 20:06:59","2021/11/23, 05:00:37"
ISRIC — World Soil Information,ISRICWorldSoil,https://github.com/ISRICWorldSoil,http://isric.org,Wageningen,https://avatars.githubusercontent.com/u/14975989?v=4,7,"2015/10/05, 10:21:12","2021/11/23, 22:45:20"
ncss-tech,ncss-tech,https://github.com/ncss-tech,http://ncss-tech.github.io/AQP/,,https://avatars.githubusercontent.com/u/10520265?v=4,58,"2015/01/13, 19:02:33","2021/11/23, 22:32:13"
,NASA-DEVELOP,https://github.com/NASA-DEVELOP,http://develop.larc.nasa.gov/,NASA Langley Research Center,https://avatars.githubusercontent.com/u/13221515?v=4,45,"2015/07/07, 14:36:36","2021/08/31, 22:37:48"
TU Wien - Department of Geodesy and Geoinformation,TUW-GEO,https://github.com/TUW-GEO,http://geo.tuwien.ac.at,"Vienna, Austria",https://avatars.githubusercontent.com/u/5213740?v=4,58,"2013/08/12, 12:58:02","2021/11/16, 11:10:49"
Weights & Biases,wandb,https://github.com/wandb,https://wandb.ai,San Francisco,https://avatars.githubusercontent.com/u/26401354?v=4,124,"2017/03/14, 06:43:52","2021/11/26, 19:54:05"
,SoilBGC-Datashare,https://github.com/SoilBGC-Datashare,,,https://avatars.githubusercontent.com/u/20792238?v=4,1,"2016/08/02, 10:05:59","2021/10/21, 15:43:16"
,International-Soil-Radiocarbon-Database,https://github.com/International-Soil-Radiocarbon-Database,,,https://avatars.githubusercontent.com/u/39625083?v=4,2,"2018/05/25, 13:25:24","2021/11/22, 13:16:01"
OpenFLUID,OpenFLUID,https://github.com/OpenFLUID,http://www.openfluid-project.org,"Montpellier, France",https://avatars.githubusercontent.com/u/3300491?v=4,18,"2013/01/17, 22:20:21","2021/11/18, 14:57:05"
,ConservationInternational,https://github.com/ConservationInternational,,,https://avatars.githubusercontent.com/u/6778872?v=4,45,"2014/02/25, 05:08:46","2021/11/19, 13:57:43"
COAL Capstone,capstone-coal,https://github.com/capstone-coal,https://capstone-coal.github.io,,https://avatars.githubusercontent.com/u/22801081?v=4,9,"2016/10/12, 20:10:17","2021/10/15, 14:38:03"
,CryoGrid,https://github.com/CryoGrid,,,https://avatars.githubusercontent.com/u/34233956?v=4,9,"2017/12/04, 09:24:19","2021/11/19, 21:25:07"
Pyviz Topics,pyviz-topics,https://github.com/pyviz-topics,pyviz.org,,https://avatars.githubusercontent.com/u/38562379?v=4,6,"2018/04/20, 13:33:56","2021/11/05, 17:43:14"
,geocryology,https://github.com/geocryology,www.carleton.ca/permafrost,In the frozen earth,https://avatars.githubusercontent.com/u/7445398?v=4,7,"2014/04/30, 02:13:48","2021/09/28, 13:47:45"
,r-spatialecology,https://github.com/r-spatialecology,,,https://avatars.githubusercontent.com/u/42056187?v=4,13,"2018/08/03, 05:40:43","2021/11/24, 11:08:54"
eMapR Lab,eMapR,https://github.com/eMapR,http://emapr.ceoas.oregonstate.edu/,Oregon State University,https://avatars.githubusercontent.com/u/25697385?v=4,23,"2017/02/10, 23:04:55","2021/11/07, 09:29:07"
FarmBot,FarmBot,https://github.com/FarmBot,https://farm.bot,,https://avatars.githubusercontent.com/u/5784869?v=4,7,"2013/10/27, 04:07:12","2021/11/26, 20:08:17"
MudPi,mudpi,https://github.com/mudpi,https://mudpi.app,Wisconsin,https://avatars.githubusercontent.com/u/60322856?v=4,8,"2020/01/26, 16:59:50","2021/07/11, 19:44:36"
DSSAT Foundation,DSSAT,https://github.com/DSSAT,http://dssat.net/,,https://avatars.githubusercontent.com/u/2651814?v=4,27,"2012/10/25, 19:26:32","2021/11/21, 02:39:30"
Model of Agricultural Production and its Impact on the Environment,magpiemodel,https://github.com/magpiemodel,https://magpiemodel.github.io/,"Potsdam Institute for Climate Impact Research (PIK), Germany",https://avatars.githubusercontent.com/u/23235810?v=4,3,"2016/11/03, 10:46:20","2021/11/24, 12:33:06"
,AgroCares,https://github.com/AgroCares,,,https://avatars.githubusercontent.com/u/31684679?v=4,6,"2017/09/06, 06:22:30","2021/11/16, 11:18:54"
Penn State Earth System Modeling Team,PSUmodeling,https://github.com/PSUmodeling,,"University Park, PA",https://avatars.githubusercontent.com/u/10535881?v=4,19,"2015/01/14, 18:47:48","2021/11/19, 16:56:33"
APSIM Initiative,APSIMInitiative,https://github.com/APSIMInitiative,,,https://avatars.githubusercontent.com/u/11878941?v=4,20,"2015/04/09, 23:58:42","2021/11/25, 22:38:38"
"Research Platform ""Data Analysis & Simulation""",zalf-rpm,https://github.com/zalf-rpm,http://www.zalf.de/en/struktur/fds/Pages/default.aspx,"Eberswalder Str. 84, 15374 Müncheberg, Germany",https://avatars.githubusercontent.com/u/3840218?v=4,65,"2013/03/12, 08:06:42","2021/11/26, 09:54:24"
OpenFarm,openfarmcc,https://github.com/openfarmcc,http://www.openfarm.cc,Earth,https://avatars.githubusercontent.com/u/10136787?v=4,3,"2014/12/10, 01:42:26","2021/11/21, 04:40:36"
,ss3sim,https://github.com/ss3sim,,,https://avatars.githubusercontent.com/u/6423106?v=4,11,"2014/01/16, 19:54:45","2021/11/24, 14:00:43"
Sizespectrum,sizespectrum,https://github.com/sizespectrum,,,https://avatars.githubusercontent.com/u/13071057?v=4,10,"2015/06/26, 22:39:44","2021/11/26, 16:42:38"
yunity,yunity,https://github.com/yunity,https://yunity.org,,https://avatars.githubusercontent.com/u/14811840?v=4,23,"2015/09/23, 21:20:46","2021/11/24, 03:43:26"
Open Food Foundation,openfoodfoundation,https://github.com/openfoodfoundation,http://openfoodfoundation.org/,Australia,https://avatars.githubusercontent.com/u/2578987?v=4,53,"2012/10/17, 07:53:26","2021/11/26, 18:31:23"
Eco Hacker Farm,Ecohackerfarm,https://github.com/Ecohackerfarm,https://wiki.ecohackerfarm.org,"Heiligengrabe, Brandenburg, Germany",https://avatars.githubusercontent.com/u/29238614?v=4,6,"2017/06/06, 20:29:20","2021/11/18, 20:21:37"
Trefle,treflehq,https://github.com/treflehq,https://trefle.io,France,https://avatars.githubusercontent.com/u/49616756?v=4,3,"2019/04/14, 15:39:25","2021/11/07, 03:36:17"
Open Food Facts,openfoodfacts,https://github.com/openfoodfacts,https://world.openfoodfacts.org/,"Paris, France",https://avatars.githubusercontent.com/u/1937790?v=4,74,"2012/07/08, 08:17:38","2021/11/27, 01:05:03"
Growstuff,Growstuff,https://github.com/Growstuff,http://growstuff.org/,,https://avatars.githubusercontent.com/u/2066469?v=4,7,"2012/07/30, 17:39:10","2021/11/17, 16:35:49"
Global Fishing Watch,GlobalFishingWatch,https://github.com/GlobalFishingWatch,http://globalfishingwatch.org,"0,0",https://avatars.githubusercontent.com/u/9467707?v=4,115,"2014/10/30, 18:32:44","2021/11/25, 09:45:08"
R4SS,r4ss,https://github.com/r4ss,,,https://avatars.githubusercontent.com/u/6178431?v=4,4,"2013/12/13, 12:55:15","2021/11/19, 20:21:01"
The Natural Capital Project,natcap,https://github.com/natcap,naturalcapitalproject.stanford.edu,United States,https://avatars.githubusercontent.com/u/7783885?v=4,47,"2014/06/03, 17:23:52","2021/11/23, 23:37:32"
REMIND - REgional Model of INvestments and Development,remindmodel,https://github.com/remindmodel,https://www.pik-potsdam.de/research/transformation-pathways/models/remind,PIK - Potsdam Institute for Climate Impact Research,https://avatars.githubusercontent.com/u/58601121?v=4,1,"2019/12/06, 15:24:30","2021/11/26, 16:41:22"
,My-Climate-Journey,https://github.com/My-Climate-Journey,,,https://avatars.githubusercontent.com/u/69079044?v=4,1,"2020/08/01, 12:37:41","2021/07/22, 14:16:33"
2° Investing Initiative,2DegreesInvesting,https://github.com/2DegreesInvesting,http://2degrees-investing.org/,,https://avatars.githubusercontent.com/u/32134916?v=4,50,"2017/09/20, 14:20:52","2021/11/25, 12:37:16"
Science Based Targets initiative,ScienceBasedTargets,https://github.com/ScienceBasedTargets,https://sciencebasedtargets.org/sectors/financial-institutions,,https://avatars.githubusercontent.com/u/92389205?v=4,2,"2021/10/12, 16:03:20","2021/11/22, 09:04:49"
,fund-model,https://github.com/fund-model,www.fund-model.org,,https://avatars.githubusercontent.com/u/1495727?v=4,1,"2012/03/03, 06:44:35","2021/11/24, 20:01:31"
OS-Climate,os-climate,https://github.com/os-climate,,,https://avatars.githubusercontent.com/u/85121681?v=4,9,"2021/05/31, 15:02:19","2021/11/25, 13:21:10"
Project Drawdown,ProjectDrawdown,https://github.com/ProjectDrawdown,https://drawdown.org/,,https://avatars.githubusercontent.com/u/55551762?v=4,5,"2019/09/19, 16:16:54","2021/11/27, 03:20:09"
National Oceanic and Atmospheric Administration,NOAAGov,https://github.com/NOAAGov,http://www.noaa.gov/,,https://avatars.githubusercontent.com/u/32935149?v=4,2,"2017/10/19, 15:08:39","2021/11/17, 03:38:28"
The Environment Ontology,EnvironmentOntology,https://github.com/EnvironmentOntology,http://www.environmentontology.org,,https://avatars.githubusercontent.com/u/11706544?v=4,11,"2015/03/29, 13:45:39","2021/11/17, 19:46:33"
Open SDG,open-sdg,https://github.com/open-sdg,,,https://avatars.githubusercontent.com/u/45497269?v=4,12,"2018/11/30, 19:13:01","2021/11/23, 15:06:56"
,SDG-InterfaceOntology,https://github.com/SDG-InterfaceOntology,,,https://avatars.githubusercontent.com/u/13662304?v=4,1,"2015/08/05, 15:12:15","2021/10/28, 15:35:30"
Yale OpenLab,YaleOpenLab,https://github.com/YaleOpenLab,www.openlab.yale.edu,,https://avatars.githubusercontent.com/u/38900160?v=4,17,"2018/05/02, 03:14:56","2020/12/04, 06:05:35"
EnviroDIY,EnviroDIY,https://github.com/EnviroDIY,http://envirodiy.org/,"Stroud Water Research Center, Avondale, PA",https://avatars.githubusercontent.com/u/16213093?v=4,28,"2015/12/08, 19:19:27","2021/11/23, 17:20:30"
Climate Strike License,climate-strike,https://github.com/climate-strike,,,https://avatars.githubusercontent.com/u/52013222?v=4,2,"2019/06/19, 20:14:13","2021/11/24, 03:19:19"
The Washington Post,washingtonpost,https://github.com/washingtonpost,https://washpost.engineering/,"Washington, D.C.",https://avatars.githubusercontent.com/u/1963554?v=4,73,"2012/07/12, 14:10:15","2021/11/26, 15:58:12"
Regen Network,regen-network,https://github.com/regen-network,https://www.regen.network,,https://avatars.githubusercontent.com/u/32378558?v=4,65,"2017/09/29, 01:53:48","2021/11/26, 13:18:27"
Resource Watch,resource-watch,https://github.com/resource-watch,,,https://avatars.githubusercontent.com/u/18593980?v=4,87,"2016/04/21, 11:02:12","2021/11/26, 09:41:47"
Stripe,stripe,https://github.com/stripe,https://stripe.com,"San Francisco, CA",https://avatars.githubusercontent.com/u/856813?v=4,82,"2011/06/17, 15:42:37","2021/11/25, 16:29:35"
APA Technology Division,APA-Technology-Division,https://github.com/APA-Technology-Division,https://tech.planning.org/,,https://avatars.githubusercontent.com/u/64234845?v=4,2,"2020/04/24, 00:06:47","2021/11/26, 04:29:18"
rOpenGov,rOpenGov,https://github.com/rOpenGov,http://ropengov.org,,https://avatars.githubusercontent.com/u/5463092?v=4,58,"2013/09/15, 12:55:51","2021/11/25, 17:16:01"
Earth System Grid Federation,ESGF,https://github.com/ESGF,http://esgf.llnl.gov,Earth,https://avatars.githubusercontent.com/u/1236619?v=4,68,"2011/12/02, 17:52:25","2021/11/24, 15:33:05"
openEO,Open-EO,https://github.com/Open-EO,http://openeo.org/,,https://avatars.githubusercontent.com/u/23743223?v=4,50,"2016/11/25, 16:12:21","2021/11/26, 16:45:44"
mySociety,mysociety,https://github.com/mysociety,https://www.mysociety.org/,UK,https://avatars.githubusercontent.com/u/141338?v=4,289,"2009/10/18, 17:02:17","2021/11/26, 15:53:59"
Green Software Foundation,Green-Software-Foundation,https://github.com/Green-Software-Foundation,https://greensoftware.foundation,,https://avatars.githubusercontent.com/u/84547728?v=4,17,"2021/05/20, 23:17:29","2021/11/25, 14:35:06"
Center for Urban Transportation Research @ USF,CUTR-at-USF,https://github.com/CUTR-at-USF,http://www.cutr.usf.edu,"Tampa, FL, USA",https://avatars.githubusercontent.com/u/1372220?v=4,72,"2012/01/23, 20:07:05","2021/11/19, 15:15:44"
Irish Marine Institute,IrishMarineInstitute,https://github.com/IrishMarineInstitute,https://www.marine.ie/,Ireland,https://avatars.githubusercontent.com/u/10881493?v=4,84,"2015/02/06, 11:26:25","2021/11/26, 13:59:28"
Awesome Cryosphere,awesome-cryosphere,https://github.com/awesome-cryosphere,,,https://avatars.githubusercontent.com/u/84785608?v=4,1,"2021/05/25, 13:27:18","2021/11/07, 19:17:40"
Software Underground,softwareunderground,https://github.com/softwareunderground,https://softwareunderground.org,,https://avatars.githubusercontent.com/u/8144157?v=4,37,"2014/07/12, 15:14:48","2021/11/26, 11:41:04"
Arctic Basecamp's Arctic Risk,arctic-risk,https://github.com/arctic-risk,https://arcticrisk.org,,https://avatars.githubusercontent.com/u/77003770?v=4,2,"2021/01/05, 11:57:49","2021/10/29, 10:19:41"
